item_id,question,search_plan,correct_answer,reference_passages
item_001,"What was the form of the language that the last name Sylvester comes from, used in the era of the king who united the 9th century tribes, later known as?",1. Determine the origin of the surname 'Sylvester' and the language form it comes from | 2. Identify the era of the king who united the 9th century tribes and the name used for that era | 3. Match the language form of 'Sylvester' to the era's name to determine the form of the language used in that era of the king who united the 9th century tribes later known as the Carolingian era or the Carolingian Renaissance,Medieval Latin,"[Sylvester] Sylvester is a name derived from the Latin adjective silvestris meaning ``wooded ''or`` wild'', which derives from the noun silva meaning ``woodland ''. Classical Latin spells this with i. | [Germans] Linguists distinguish low Saxon, Franconian, Bavarian, Thuringian and Alemannic varieties in modern German. By the 9th century, the large tribes which lived on the territory of modern Germany had been united under the rule of the Frankish king Charlemagne, known in German as Karl der Große. Much of what is now Eastern Germany became Slavonic-speaking (Sorbs and Veleti), after these areas were vacated by Germanic tribes (Vandals, Lombards, Burgundians and Suebi amongst others) which had migrated into the former areas of the Roman Empire. | [Middle Ages] Grammarians of the period modified the Latin language, changing it from the Classical Latin of the Roman Empire into a more flexible form to fit the needs of the church and government. By the reign of Charlemagne, the language had so diverged from the classical that it was later called Medieval Latin."
item_002,"""What Latin expression means """"Seize the Day""""?""","1. Determine the Latin expression that means ""Seize the Day""","Carpe diem quam minimum credula postero, Catch the day, CARPE DIEM, Carpe Diem, Seize the moment, Sieze the moment, Carpe diem",
item_003,who does cristiano ronaldo play for world cup,1. Determine which national team Cristiano Ronaldo plays for in the World Cup,Portugal,"[Cristiano Ronaldo] Ronaldo featured in the final of the three matches in which he made his 150th international appearance . On 15 June 2018 , Ronaldo became the oldest player ever to score a hat - trick in a World Cup match , helping Portugal secure a 3 -- 3 draw against Spain in their opening match at the World Cup . In doing so , he also became the first Portuguese player to score a goal in four World Cups and one of four players to do so in total ."
item_004,What is the name of the German magazine which claimed in 1983 to have found Hitler's diaries?,1. Identify the name of the German magazine that claimed in 1983 to have found Hitler's diaries.,"Fashion timber, Parabolic stern, Retroussé stern, Elliptical stern, Retrousse stern, Cutaway stern, Canoe stern, Torpedo stern, Torpedoboat stern, Stern frame, Fashion piece, Square stern, Double ended stern, Constanzi stern, Wing transom, Pink stern, Stern (boat), Cruiser stern, Counter stern, Transom stern, Pinky stern, Transom board, Torpedo boat stern, Round stern, Ship's stern, Circular stern, Stern timber, Stern (ship), Stern",
item_005,why did professor x not have his powers,1. Determine the reason Professor X lost his powers,being de-powered by the Scarlet Witch,"[Professor X] Uncanny X-Men writer Ed Brubaker has claimed that , after being de-powered by the Scarlet Witch , and then re-powered by the M'Kraan Crystal , Charles ' telepathy is more powerful than was previously known . However , the extent of this enhancement is unknown ."
item_006,What is the meaning of the name of the city where the Yongle emperor greeted the person to whom the edict was addressed?,1. Identify the city where the Yongle Emperor greeted the person to whom the edict was addressed | 2. Find the meaning of that city's name in Chinese (its Chinese name and its meaning),"""Southern Capital""","[Sino-Tibetan relations during the Ming dynasty] The Information Office of the State Council of the PRC preserves an edict of the Zhengtong Emperor (r. 1435–1449) addressed to the Karmapa in 1445, written after the latter's agent had brought holy relics to the Ming court. Zhengtong had the following message delivered to the Great Treasure Prince of Dharma, the Karmapa: | [Sino-Tibetan relations during the Ming dynasty] During his travels beginning in 1403, Deshin Shekpa was induced by further exhortations by the Ming court to visit Nanjing by April 10, 1407. Norbu writes that the Yongle Emperor, following the tradition of Mongol emperors and their reverence for the Sakya lamas, showed an enormous amount of deference towards Deshin Shekpa. | [Nanjing] Nanjing ( listen; Chinese: 南京, ""Southern Capital"") is the city situated in the heartland of lower Yangtze River region in China, which has long been a major centre of culture, education, research, politics, economy, transport networks and tourism. It is the capital city of Jiangsu province of People's Republic of China and the second largest city in East China, with a total population of 8,216,100, and legally the capital of Republic of China which lost the mainland during the civil war."
item_007,The Reign Of Terror was a period in the revolution of which country?,1. Determine which country's revolution included the Reign of Terror period,"La Republique francaise, Franciaország, La Republique française, Belle France, FRANCE, Republique française, France, Ranska, Franciaorszag, French Republic, République francaise, République française, ISO 3166-1:FR, Frankreich, France (country), Etymology of France, FrancE, La République française, People of France, Republic of France, Fracne, Le France, The French Republic, Republique francaise, The Republic of France, La République francaise, La France, Rain in France, Republic of france, FRance, Frakkland, Climate of France, Franse",
item_008,"Which film whose director was born first, El Lazarillo De Tormes or Balyasakhi?",1. Find the birth dates of the directors of the films 'El Lazarillo de Tormes' and 'Balyasakhi' | 2. Compare the two birth dates to determine which director was born first and thus which film's director was born first,Balyasakhi,
item_009,"Which film has the director who is older, The Return Of Boston Blackie or Dayavan?",1. Find the director of the film 'The Return of Boston Blackie' | 2. Find the director of the film 'Dayavan' | 3. Compare the birth dates of the two directors to determine who is older | 4. Identify which film corresponds to the older director's name and birth date to determine which film has the older director,"The Return of Boston Blackie, The Return Of Boston Blackie, Return of Boston Blackie",
item_010,"Who is Edward Wingfield, 2Nd Viscount Powerscourt's paternal grandmother?","1. Find Edward Wingfield, 2nd Viscount Powerscourt’s family tree to identify his paternal grandmother | 2. Retrieve the full name of Edward Wingfield, 2nd Viscount Powerscourt’s paternal grandmother from a reliable biographical source or family tree diagram | 3. Identify the country of origin of that grandmother from a biographical source or family history record (e.g., birthplace or nationality)",Eleanor Gore,
item_011,When was the region immediately north of the region where the country that secured southern Lebanon is located and the Persian Gulf created?,"1. Identify the country that secured southern Lebanon | 2. Determine the region immediately north of that country and the Persian Gulf | 3. Find the date when that northern region was created or established as a country or entity (e.g., Iraq)",1930,"[Israel] On 11 March 1978, a PLO guerilla raid from Lebanon led to the Coastal Road Massacre. Israel responded by launching an invasion of southern Lebanon to destroy the PLO bases south of the Litani River. Most PLO fighters withdrew, but Israel was able to secure southern Lebanon until a UN force and the Lebanese army could take over. | [Israel] Israel (/ˈɪzreɪəl/ or /ˈɪzriːəl/; Hebrew: יִשְׂרָאֵל‎ Yisrā'el; Arabic: إِسْرَائِيل‎ Isrāʼīl), officially the State of Israel (Hebrew: מְדִינַת יִשְׂרָאֵל‎ Medīnat Yisrā'el [mediˈnat jisʁaˈʔel] ( listen); Arabic: دولة إِسْرَائِيل‎ Dawlat Isrāʼīl [dawlat ʔisraːˈʔiːl]), is a sovereign state in Western Asia. The country is situated in the Middle East at the southeastern shore of the Mediterranean Sea and the northern shore of the Gulf of Aqaba in the Red Sea. It shares land borders with Lebanon to the north, Syria in the northeast, Jordan on the east, the Palestinian territories (which are claimed by the State of Palestine and are partially controlled by Israel) comprising the West Bank and Gaza Strip to the east and west, respectively, and Egypt to the southwest. | [Geography of Saudi Arabia] The Kingdom of Saudi Arabia is a country situated in Southwest Asia, the largest country of Arabia, bordering the Persian Gulf and the Red Sea, north of Yemen. Its extensive coastlines on the Persian Gulf and Red Sea provide great leverage on shipping (especially crude oil) through the Persian Gulf and Suez Canal. | [History of Saudi Arabia] Over the following 150 years, the extent of the Al Saud territory fluctuated. However, between 1902 and 1927, the Al Saud leader, Abdulaziz, carried out a series of wars of conquest which resulted in his establishing the Kingdom of Saudi Arabia in 1930."
item_012,what is the term for a female reproductive cell apex,1. Determine the term for a female reproductive cell apex,the ovule,"[Ovule] In seed plants , the ovule is the structure that gives rise to and contains the female reproductive cells . It consists of three parts : The integument ( s ) , forming its outer layer ( s ) , the nucellus ( or remnant of the megasporangium ) , and the female gametophyte ( formed from a haploid megaspore ) in its center ."
item_013,"Which mountain borders more countries, Yukshin Gardan Sar or Nangpai Gosum?",1. Find the countries that Yukshin Gardan Sar borders | 2. Find the countries that Nangpai Gosum borders | 3. Compare the number of countries each mountain borders to determine which one borders more countries,Nangpai Gosum,"[Yukshin Gardan Sar] Yukshin Gardan Sar (Urdu: ‎ ) is a high peak of the Hispar Muztagh, a subrange of the Karakoram range in Pakistan.  Its height is also often given as 7,469 m (24,505 ft) or 7,641 m (25,069 ft). | [Nangpai Gosum] Nangpai Gosum is a mountain in the Himalayas.  It lies on the border between Nepal and China.  The first ascent to the summit was a Japanese expedition on October 12, 1986."
item_014,What is the religion of L. Ron Hubbard?,1. Determine the religion of L. Ron Hubbard,Scientology,
item_015,who sings thank god i'm a country boy,"1. Find the artist who sings ""Thank God I'm a Country Boy""",John Martin Sommers,"[Thank God I'm a Country Boy] `` Thank God I 'm a Country Boy '' , also known as `` Country Boy '' , is a song written by John Martin Sommers and recorded by American singer / songwriter John Denver ."
item_016,"Which film has the director who died later, The Rainbow Jacket or Mahallada Duv-Duv Gap?",1. Identify the directors of the films 'The Rainbow Jacket' and 'Mahallada Duv-Duv Gap' | 2. Determine which of those directors died later in life | 3. Find the film associated with the director who died later to answer the question of which film has the director who died later (The Rainbow Jacket or Mahallada Duv-Duv Gap),"Ob etom govorit vsya makhallya, Mahallada Duv-Duv Gap, Mahallada duv-duv gap",
item_017,What is the honour system founded by Napoleon in 1802 that has five classes including Grand Cross and Officer?,"1. Identify the honor system established by Napoleon in 1802 with five classes, including Grand Cross and Officer","Legion of Honor, Chevalier de la Legion d'honneur, Officier de la Légion d'honneur, Officer of the National Order of the Legion of Honour, Chevalier de la Légion d'Honneur, Legion of Honor of France, Chevalier de Légion d'honneur, Chevalier de La Légion d'Honneur, Chevalier of the Legion of Honor, Commander of the Legion of Honour, French Legion of Honour, Chevalier of the Légion d'honneur, Officer of the Legion of Honour (France), Chevalier de la Légion d'honneur, Légion d'honneur, Commandant of the Legion, Officer of the Legion of Honour, Ordre national de la Legion d'honneur, French Légion d’Honneur, Cross of the Legion of Honor, Légion d'honneur Croix de Commandeur, Croix d'Officier of the Legion of Honour, The Legion of Honor, Grand Croix of the Légion d'honneur, Knight of the National Order of the Legion of Honour, Chevalier de Legion d'Honneur, Chevalier of the Order of the Légion d'honneur, Legie d'honeur, Légion d'honneur de France, Commander of the Legion of Honor, Grand Cross of the Legion of Honor, Légion d’honneur, Commandeur de la Legion d'honneur, Grand-Croix de la Légion d'honneur, Chevalier de la légion d'honneur, French Legion of Honor, Grand Croix de la Légion d'honneur, National Order of the Legion of Honour, Knight of the Legion of Honor, Légion d´honneur, Officier de la Legion d'honneur, Grand Croix de la Legion d'honneur, Knight of the Legion of Honour, French Légion d'honneur, Legion of Honor Chevalier, Grand Order of the Legion of Honour, Officer of the Legion of Honor, Legion d'Honneur, Grand Cross of the Legion of Honour, French Legion Of Honour, Chevalier de la Legion d'Honneur, Chevalier dans l'Ordre de la Legion d'Honneur, Légion d’Honneur, Grand-Croix de la Legion d'honneur, Legion of honour, Cross of the Légion d'honneur, Chevalier de la Légion d’Honneur, Legion d’Honneur, Legion d'Honour, Legion of honor, Chevalier of the Legion of Honour, Officier de la Légion d'Honneur, Chevalier de Legion d'honneur, Legion d'honeur, Légion d'Honneur, National Order of the Legion of Honor, Legion d'honneur Croix de Commandeur, Legion d'honneur, Grand Cordon of the Legion of Honor, Ordre national de la Légion d'honneur, French legion of honor, Grand Cordon of the Legion of Honour, Chevalier dans l'Ordre de la Légion d'Honneur, Commandeur de la Légion d'honneur, Legion of Honour, LoH",
item_018,Do both Kitchens of Distinction and Transvision Vamp have female lead singers?,1. Find the lead singer(s) of the band Kitchens of Distinction | 2. Find the lead singer(s) of the band Transvision Vamp | 3. Determine whether both bands have female lead singers based on the identified lead singers' genders,no,"[Kitchens of Distinction]  They released four studio albums and a handful of singles and EPs before disbanding in 1996.  In September 2012, Patrick Fitzgerald announced on his Stephen Hero Facebook page that he, along with original members Julian Swales and Dan Goodwin, were working on new material as Kitchens of Distinction.  The reunited trio released their fifth studio album, their first since 1994, in late September 2013. | [Transvision Vamp]  Formed in 1986 by Nick Christian Sayer and Wendy James, the band enjoyed chart success in the late 1980s with their pop/punk sound.  James, the lead singer and focal-point of the group, attracted media attention with her sexually charged and rebellious image."
item_019,who popularized the definition of privacy as the right to be free from intrusion,1. Identify the individual who popularized the definition of privacy as the right to be free from intrusion,Samuel Warren and Louis Brandeis,"[The Right to Privacy (article)] 193 ( Dec. 15 , 1890 ) ) is a law review article written by Samuel Warren and Louis Brandeis , and published in the 1890 Harvard Law Review . It is `` one of the most influential essays in the history of American law '' and is widely regarded as the first publication in the United States to advocate a right to privacy , articulating that right primarily as a `` right to be let alone '' ."
item_020,"Where did the composer of song Arise, Russian People! study?","1. Identify the composer of the song 'Arise, Russian People!' | 2. Find the composer's educational background, specifically where they studied music or composition, to determine the institution they attended and its location or country affiliation.","Leningrad Conservatory, Saint Petersburg Conservatory, Saint Petersburg State Conservatory named after N.A. Rimsky-Korsakov, N. A. Rimsky-Korsakov Saint Petersburg State Conservatory",
item_021,The home row for what keyboard layout is (from left to right) aoeuidhtbs-?,1. Determine the keyboard layout whose home row is (from left to right) aoeuidhtbs-,"Dvorzak, Dworschak, Dvorschak, Dvorschák, Dworak, Dvořáková, Dvořák (disambiguation), Dvorakova, DVORAK, Dworzak, Dvorak (disambiguation), Dvorak, Dvoržak",
item_022,Who was Bridget Jones's true love?,1. Determine the true love of Bridget Jones from the book or film series.,"Mark Darcy, Bridget Jones (film series), Bridgett Jones, Bridget Jones, Briget jones",
item_023,What is the direction of the flow of the river near the city where the designer of Southeast Library died?,1. Identify the city where the designer of the Southeast Library died | 2. Find the river that flows near that city | 3. Determine the direction of the river’s flow near that city from a reliable source on the river’s course and flow direction in that area,rises in northern Minnesota and meanders slowly southwards,"[Southeast Library] Southeast Library's building was designed by master architect Ralph Rapson and originally functioned as a credit union for university and state employees. It opened as a library in 1967. | [Riverside Plaza] Riverside Plaza is a modernist and brutalist apartment complex designed by Ralph Rapson that opened in Minneapolis, Minnesota in 1973. Situated on the edge of downtown Minneapolis in the Cedar-Riverside neighborhood, and next to both the University of Minnesota's West Bank and Augsburg University, the site contains the 39-story McKnight Building, the tallest structure outside of the city's central business district. | [Minneapolis] Minneapolis lies on both banks of the Mississippi River, just north of the river's confluence with the Minnesota River, and adjoins Saint Paul, the state's capital. The city is abundantly rich in water, with 13 lakes, wetlands, the Mississippi River, creeks and waterfalls; many connected by parkways in the Chain of Lakes and the Grand Rounds National Scenic Byway. | [Mississippi River] The Mississippi River is the chief river of the second - largest drainage system on the North American continent, second only to the Hudson Bay drainage system. Flowing entirely in the United States (although its drainage basin reaches into Canada), it rises in northern Minnesota and meanders slowly southwards for 2,320 miles (3,730 km) to the Mississippi River Delta at the Gulf of Mexico. With its many tributaries, the Mississippi's watershed drains all or parts of 31 U.S."
item_024,"In the human body, what is stored in adipose tissue?",1. Determine what is stored in adipose tissue within the human body,"Fattyness, Fatty oil, Dietary fats, Fat, Total fat, Dietary fat, Fats and oils",
item_025,Who was the first leader of the Russian Federation ?,1. Determine the first leader of the Russian Federation,"Boris El’cin, Boris Eľcin, Boris yeltsin, Boris Jelzin, Yelstin, Yeltsin, Boris Nikolayevich, Boris Ieltsin, BORIS YELTSIN, Yeltzin, Boris Nikolaevich Yeltsin, Boris Eltsin, Boris yeltson, Boris El'cin, Yelcin, Jelzin, Бори́с Никола́евич Е́льцин, Boris Yeltsin, Jeltsin, Boris Nikolayevich Yeltsin, Борис Николаевич Ельцин, Boris Jel'cin, Jelcin, Borys Yeltsin, Jel'cin, Borris Yeltsin, Boris Yeltzin, Boris Jelcin, Boris N. Yeltsin, Yeltsin, Бори́с Е́льцин, Boris Jeltsin, Yeltsin, Boris, Boris Yeltsen, Borris Yeltzin, Boris Nikolaevič Jelcin, Eltsin, Boris Nikolajevič Jelcin, Boris N Yeltsin, Борис Ельцин, Naina Iosifovna Yeltsin, Boris Nikolajevic Jelcin, Boris Nikolaevic Jelcin, Boris Elcin, El'cin",
item_026,The 2012 best selling book 'My Animals and Other Family' is written by whom?,1. Identify the author of the 2012 best-selling book 'My Animals and Other Family',"Clare Balding, Claire Balding, The Clare Balding Show, Good Morning Sunday, CLARE BALDING",
item_027,"Which tennis player is older, Albert Costa or Tímea Babos?",1. Find Albert Costa’s date of birth | 2. Find Tímea Babos’s date of birth | 3. Compare the two dates to determine who is older,Costa,"[Albert Costa] Costa began playing tennis at the age of five.  He first came to the tennis world's attention as an outstanding junior player.  In 1993, he reached the French Open junior final and won the Orange Bowl.  He turned professional later that year and quickly established a reputation as a strong clay court player. | [Tímea Babos] Tímea Babos (] ; born 10 May 1993) is a Hungarian tennis player."
item_028,Who is the maternal grandfather of Eysteinn?,"1. Find Eysteinn’s maternal grandfather by identifying his mother’s parents | 2. Determine the name of Eysteinn’s mother | 3. Identify the names of Eysteinn’s maternal grandparents from a reliable biographical source on Eysteinn | 4. From the maternal grandparents’ names, determine the maternal grandfather’s name and his country of origin or nationality from a biographical source on that person",Halga,
item_029,"What was the christian name of the daughter of William Dorrit, known as Little Dorrit in the 1857 novel of the same name by Charles Dickens?","1. Identify the Christian name of the daughter of William Dorrit, known as Little Dorrit in the 1857 novel by Charles Dickens.","AMY, Amy (disambiguation), Amy (film)",
item_030,who created the second bank of the united states,1. Determine the creator of the Second Bank of the United States,chartered by President James Madison,"[Second Bank of the United States] Modeled on Alexander Hamilton 's First Bank of the United States , the Second Bank was chartered by President James Madison in 1816 and began operations at its main branch in Philadelphia on January 7 , 1817 , managing twenty - five branch offices nationwide by 1832 ."
item_031,When did the luxury division of the top selling car brand change the body style of the rx 350?,1. Identify the luxury division of the top-selling car brand that sells the RX 350 | 2. Find the year the RX 350 body style was changed by that luxury division of the top-selling car brand (the luxury division of the top-selling car brand is Lexus),Sales began worldwide in April 2012,"[List of best-selling automobiles] As a result, there is no definitive standard for measuring units sold; Volkswagen has claimed its Beetle as the bestselling car in history as it did not substantially change throughout its production run. By contrast, Toyota has applied the Corolla nameplate to 11 generations since 1966, which have sold over 40 million through July 2013. | [1973 oil crisis] Some buyers lamented the small size of the first Japanese compacts, and both Toyota and Nissan (then known as Datsun) introduced larger cars such as the Toyota Corona Mark II, the Toyota Cressida, the Mazda 616 and Datsun 810, which added passenger space and amenities such as air conditioning, power steering, AM-FM radios, and even power windows and central locking without increasing the price of the vehicle. A decade after the 1973 oil crisis, Honda, Toyota and Nissan, affected by the 1981 voluntary export restraints, opened US assembly plants and established their luxury divisions (Acura, Lexus and Infiniti, respectively) to distinguish themselves from their mass-market brands. | [Lexus RX] In the US, the new model uses the Lexus Enform telematics system, which includes the Safety Connect SOS system and Shazam tagging. Sales began worldwide in April 2012 for the RX 350 and RX 450h, with sales for the F - Sport variants starting in July of the same year."
item_032,Who is the son of the Italian navigator who explored the eastern coast of the continent Ulises Solís' birthplace is located in for England?,1. Identify the birthplace of Ulises Solís as described in the question | 2. Determine the Italian navigator associated with that birthplace and his son’s name from a reliable biographical source on Ulises Solís and his father’s background in England and Italy,Sebastian Cabot,"[Ulises Solís] José Ulises Solís Perez (born August 28, 1981 in Guadalajara, Jalisco, Mexico) is a Mexican professional boxer and is the current IBF light Flyweight champion. He recently got into a street fight with light middleweight champ Saul Alvarez and had his jaw broken. | [Paula Santiago] Paula Santiago (born 1969 in Guadalajara) is a Mexican mixed media artist whose works have been displayed at the Monterrey Museum of Modern Art and several galleries in Europe and North America. Most of her work stands out by being made with her own blood and hair. | [John Cabot] John Cabot (Italian: Giovanni Caboto; c. 1450 -- c. | [Sebastian Cabot (explorer)] Sebastian Cabot (Italian and , ; , ""Gaboto"" or ""Cabot""; 1474 – December 1557) was an Italian explorer, likely born in the Venetian Republic. He was the son of Italian explorer John Cabot (Giovanni Caboto) and his Venetian wife Mattea."
item_033,Who is Konrad Iii The Old's paternal grandfather?,1. Find Konrad III the Old’s family tree to identify his paternal grandfather | 2. Retrieve the name of Konrad III the Old’s paternal grandfather from a reliable biographical source on Konrad III the Old or his family history,Konrad I of Oleśnica,
item_034,In what country is Edmund S. Muskie Graduate Fellowship Program?,1. Determine the country associated with the Edmund S. Muskie Graduate Fellowship Program,"United States of America, the United States of America, America, U.S.A., USA, U.S., US, the US, the USA, US of A, the United States, U. S. A., U. S., the States, the U.S., 'Merica, U.S, United States, 'Murica",
item_035,The dotterel belongs to which family of birds?,1. Determine the bird family to which the dotterel belongs,"Plover, Charadriinae, Dotterels, Plovers, Sandplover, Plivver",
item_036,as per the census of india india is made up of how many districts,1. Determine the number of districts in India as per the latest Census of India.,640,"[List of districts in India] In some cases districts are further subdivided into sub-divisions , and in others directly into tehsils or talukas . As of 2016 there are a total of 707 districts , up from the 640 in the 2011 Census of India and the 593 recorded in the 2001 Census of India ."
item_037,How many players are on the field in a baseball team?,1. Determine the number of players on the field for a baseball team.,"9, nine, Nine",
item_038,who was killed at the st valentine day massacre,1. Determine who was killed in the St. Valentine's Day Massacre,Peter Gusenberg,"[Saint Valentine's Day Massacre] Peter Gusenberg , a frontline enforcer for the Moran organizations . Frank Gusenberg , the brother of Peter Gusenberg and also an enforcer ."
item_039,The country name for which bird is the 'rud' or ruddock,1. Determine the country for which the 'rud' or ruddock is the national bird,"Robin (disambiguation), Robin, Robin (bird)",
item_040,What is the capital of the county that shares a border with the county where WAPL is licensed to broadcast?,"1. Determine the county where WAPL is licensed to broadcast | 2. Identify the neighboring county that shares a border with that county | 3. Find the capital of that neighboring county from a reliable source (e.g., a county profile or encyclopedic entry)",Green Bay,"[WAPL] WAPL (105.7 FM) is a classic rock formatted radio station licensed to Appleton, Wisconsin, that serves the Green Bay and Appleton-Oshkosh areas. The station is owned by Woodward Communications, and has studios on College Avenue in Appleton, with transmitting facilities located near the WGBA Tower west of unincorporated Shirley in the Town of Glenmore in southeastern Brown County. | [John C. Petersen] John C. Petersen (November 2, 1842 – July 10, 1887) was an American butcher and farmer from Appleton, Wisconsin who served as a member of the Wisconsin State Assembly from Outagamie County. He was elected in 1878 as a Greenbacker, and was re-elected the next year as a ""Greenback Democrat"" (even though he was opposed by a Democrat). | [Pulaski High School] Pulaski High School is a public high school in Pulaski, Wisconsin, in Brown County, Wisconsin (school district also serves parts of Shawano, Outagamie and Oconto counties), that serves students in grades 9 through 12. Its mascot is the Red Raider. | [Jerome Quinn] Born in Green Bay, Wisconsin, Quinn was a realtor and served on the Green Bay Common Council, the Brown County, Wisconsin Board of Supervisors, the local Board of Education, and the Wisconsin State Assembly from 1955 until 1973. He was a Republican."
item_041,what were the highest winds in hurricane harvey,1. Determine the highest wind speeds recorded during Hurricane Harvey,Rockport,"[Hurricane Harvey] Further deepening occurred as the storm approached the coast of Texas , with Harvey becoming a Category 4 hurricane at 23 : 00 UTC , based on reconnaissance aircraft data . Around 03 : 00 UTC on August 26 , the hurricane made landfall at peak intensity at Rockport with winds of 130 mph ( 215 km / h ) and an atmospheric pressure of 938 mbar ( 27.7 inHg ) . Harvey became the first major hurricane to make landfall in the United States since Wilma in 2005 and the strongest in terms of wind speed to hit the country since Charley in 2004 ."
item_042,when does the steelers play their first game,1. Determine the date of the Steelers' first game,"September 20, 1933","[Pittsburgh Steelers] The Pittsburgh Steelers of the NFL first took to the field as the Pittsburgh Pirates on September 20 , 1933 , losing 23 -- 2 to the New York Giants . Through the 1930s , the Pirates never finished higher than second place in their division , or with a record better than ."
item_043,when does lay a way start at walmart,"1. Determine the start date of Lay's ""A Way"" campaign at Walmart",late summer,"[Walmart] This enables walmart.com customers to buy goods online with a free shipping option , and have goods shipped to the nearest store for pickup . Walmart continues to offer seasonal Layaway on select categories from late summer through early Christmas and year - round in their jewelry department ."
item_044,Did Rubert Holmes write Escape?,1. Find the credited writers of the film 'Escape' (1985) | 2. Check whether 'Rubert Holmes' is among the listed writers of 'Escape' (1985) or any other film titled 'Escape' to avoid confusion with other films of the same name and year if applicable.,hit singles,"[Rupert Holmes] Rupert Holmes (born David Goldstein on February 24, 1947) is a British-American composer, singer-songwriter, musician, dramatist and author.  He is widely known for the hit singles ""Escape (The Piña Colada Song)"" (1979) and ""Him"" (1980).  He is also known for his musicals ""Drood"", which earned him two Tony Awards, and ""Curtains"", and for his television series ""Remember WENN"". | [Escape (The Piña Colada Song)] ""Escape (The Piña Colada Song)"" is a song written and recorded by British-born American singer Rupert Holmes for his album ""Partners in Crime"".  As the lead single for the album, the pop song was recommended by ""Billboard"" for radio broadcasters on September 29, 1979, then added to prominent US radio playlists in October–November."
item_045,who was the first emcee of wheel of fortune,"1. Determine the first emcee of the television game show ""Wheel of Fortune""",Chuck Woolery,"[Wheel of Fortune (U.S. game show)] The original host of Wheel of Fortune was Chuck Woolery , who hosted the series from its 1975 premiere until December 25 , 1981 , save for one week in August 1980 when Alex Trebek hosted in his place . Woolery 's departure came over a salary dispute with show creator Merv Griffin , and his contract was not renewed ."
item_046,the form of chronic inflammatory bowel disease affecting the ileum and/or colon is,1. Identify the form of chronic inflammatory bowel disease that affects the ileum and/or colon,Inflammatory bowel disease,[Inflammatory bowel disease] Inflammatory bowel disease ( IBD ) is a group of inflammatory conditions of the colon and small intestine . Crohn 's disease and ulcerative colitis are the principal types of inflammatory bowel disease .
item_047,"Who lived longer, Olivier Long or Robert Ernest Cheesman?",1. Find the birth and death dates of Olivier Long | 2. Find the birth and death dates of Robert Ernest Cheesman | 3. Compare their lifespans to determine who lived longer,Olivier Long,
item_048,Who is the father of Dub?,1. Determine the father of the person known as Dub.,Malcolm I of Scotland,
item_049,who is the notre dame cathedral dedicated to,1. Determine the individual or entity to whom Notre Dame Cathedral is dedicated,"to the Cult of Reason, and then to the Cult of the Supreme Being","[Notre-Dame de Paris] In 1793 , during the French Revolution , the cathedral was rededicated to the Cult of Reason , and then to the Cult of the Supreme Being . During this time , many of the treasures of the cathedral were either destroyed or plundered ."
item_050,How many ethnic minorities were looked at differently where the only group larger than the record label of The Lost Trident Sessions is headquartered?,"1. Identify the record label of The Lost Trident Sessions and determine the country where it is headquartered | 2. Find the number of ethnic minorities that were looked at differently in that country, as reported in relevant demographic sources for that country and year of the record label's headquarters location (2001)",two,"[The Lost Trident Sessions] The Lost Trident Sessions is a studio album by jazz fusion group the Mahavishnu Orchestra, released on 21 September 1999 through Sony Music Entertainment. It was originally recorded in June 1973 at Trident Studios but was not released until 26 years later. | [Sony Music] In 1987, Sony Corporation of Japan bought the company, and in 1991, renamed it SME. It is the world's second largest recorded music company, after Universal Music Group. | [The Right Stuff Records] The Right Stuff Records is a reissue record label that was part of EMI, which is now owned by Universal Music Group and is based out of Santa Monica, California. | [Santa Monica, California] A Japanese fishing village was located near the Long Wharf while small numbers of Chinese lived or worked in both Santa Monica and Venice. The two ethnic minorities were often viewed differently by White Americans who were often well-disposed towards the Japanese but condescending towards the Chinese. The Japanese village fishermen were an integral economic part of the Santa Monica Bay community."
item_051,"Name the 1979 movie, ranked 168th on IMDBs list of the Top 250 films, based on IMDB’s plot summary: “Brian is born on the original Christmas, in the stable next door. He spends his life being mistaken for a messiah.”",1. Identify the 1979 movie ranked 168th on IMDb's Top 250 list with the plot summary about Brian being mistaken for a messiah.,"Judean People’s Front, The Life of Brian, Biggus Diccus, Life of brian, Monty Python’s Life of Brian, Life of Brian, The Judean People's Front, The People's Front of Judea, It's so funny that they banned it in Norway, Biggus Dickus, Monty Python's Life of Brian, Incontinentia Buttocks, Monty python's life of brian, People's Front of Judaea, Brian of Nazareth, Judean Popular People’s Front, Brian Cohen of Nazareth, Judean Popular People's Front, Peoples' Front of Judea, Monty Python's the Life of Brian, Judean People's Front, The Life Of Brian, Blessed are the cheesemakers, The life of brian, Silius Soddus, The PFJ, Bigus Dickus, Popular Front of Judea, Life of Bryan, Monty Python's The Life of Brian, Monty Python s Life of Brian, Life of Brian: Monty Python, Monty Python and the Life of Brian, Life Of Brian, Judaean People's Front, People's Judean Front, People's Front of Judea, Biggus dickus, Brian Cohen",
item_052,who is the all time leading rusher for penn state,1. Determine the all-time leading rusher for Penn State University,Christian Hackenberg,"[Penn State Nittany Lions football statistical leaders] Career Rank Player Yards Years Christian Hackenberg 8,427 2013 2014 2015 Zack Mills 7,212 2001 2002 2003 2004 Matt McGloin 6,390 2009 2010 2011 2012 Tony Sacca 5,869 1988 1989 1990 1991 5 Daryll Clark 5,742 2006 2007 2008 2009 6 Trace McSorley 5,678 2015 2016 2017 7 Chuck Fusina 5,382 1975 1976 1977 1978 8 Kerry Collins 5,304 1991 1992 1993 1994 9 Anthony Morelli 5,275 2004 2005 2006 2007 10 Todd Blackledge 4,812 1980 1981 1982 11 Wally Richardson 4,419 1992 1994 1995 1996 Single season Rank Player Yards Year Trace McSorley 3,614 2016 Matt McGloin 3,271 2012 Daryll Clark 3,003 2009 Christian Hackenberg 2,977 2014 5 Christian Hackenberg 2,955 2013 6 Kerry Collins 2,679 1994 7 Anthony Morelli 2,651 2007 8 Daryll Clark 2,592 2008 9 Christian Hackenberg 2,525 2015 10 Tony Sacca 2,488 1991 Single game Rank Player Yards Year Opponent Christian Hackenberg 454 2014 UCF ( Croke Park Classic ) Zack Mills 399 2002 Iowa Matt McGloin 395 2012 Indiana Trace McSorley 384 2016 Wisconsin ( B10 CG ) 5 Michael Robinson 379 2003 Wisconsin 6 Trace McSorley 376 2016 Michigan State 7 Christian Hackenberg 371 2014 Boston College ( Pinstripe Bowl ) 8 Mike McQueary 366 1997 Pittsburgh 9 Todd Blackledge 358 1981 Miami ( FL ) 10 Daryll Clark 353 2009 Akron"
item_053,when does chandler tells monica he loves her,"1. Determine the episode and time when Chandler tells Monica he loves her in the TV show ""Friends""",the eighth episode of the fifth season of Friends,"[The One with All the Thanksgivings] `` The One with All the Thanksgivings '' ( also known as `` The One with the Thanksgiving Flashbacks '' ) is the eighth episode of the fifth season of Friends . It first aired on the NBC network in the United States on November 19 , 1998 ."
item_054,Who was born first out of Emma Kealy and Viktor Podloucký?,1. Find Emma Kealy’s date of birth | 2. Find Viktor Podloucký’s date of birth | 3. Compare the two dates to determine who was born first,Viktor Podloucký,
item_055,What was the Plowden Report concerned with,1. Determine the subject of the Plowden Report,Children and their primary school education,
item_056,What year was Tyson Kidd's tag team partner in The Hart Dynasty born?,"1. Identify Tyson Kidd’s tag team partner in The Hart Dynasty | 2. Find the birth year of that partner from a reliable biographical source or database entry for the partner’s profile or filmography page (e.g., WWE.com)",1957,"[The Hart Dynasty] The Hart Dynasty was a professional wrestling stable that appeared in World Wrestling Entertainment.  The unit consisted of the tag team of Tyson Kidd and David Hart Smith, and Natalya as a manager.  The group was named due to the connection of all three wrestlers to the Hart wrestling family; David Hart Smith is the son of Davey Boy Smith, Natalya is the daughter of Jim Neidhart, and Tyson Kidd trained under Bret Hart and at Stu Hart's Dungeon and is married to Natalya. | [Bret Hart] Bret Sergeant Hart (born July 2, 1957), better known by the ring name Bret ""The Hitman"" Hart, is a Canadian-American retired professional wrestler, retired amateur wrestler, writer and actor.  A member of the Hart wrestling family and a second-generation wrestler, he has an amateur wrestling background, wrestling at Ernest Manning High School and Mount Royal College."
item_057,"The 2013–14 Toronto Raptors season is the 19th season of the franchise, in the National Basketball Association (NBA), on December 9, 2013 the Raptors traded which American professional basketball player for the San Antonio Spurs of the National Basketball Association (NBA), and drafted eighth overall in the 2006 NBA draft by the Houston Rockets?","1. Search for details of the 2013–14 Toronto Raptors season trade on December 9, 2013, including the player traded to the San Antonio Spurs | 2. Identify the player described as an American professional basketball player drafted eighth overall in the 2006 NBA draft by the Houston Rockets | 3. Determine the country the identified player is from (American) to confirm the match and provide the country as the answer",Rudy Carlton Gay Jr.,"[2013–14 Toronto Raptors season]  Despite the trade, the Raptors were not expected to make the 2014 playoffs however, with a weak Atlantic Division they found themselves as contenders for the Atlantic Division title despite an early losing record.  On December 9, 2013 the Raptors traded Rudy Gay, Quincy Acy, and Aaron Gray to the Sacramento Kings for John Salmons, Greivis Vásquez, Patrick Patterson, and Chuck Hayes.  The Rudy Gay trade was marked as a turning point for the Raptors as they went on a 10-2 run from a 6-12 record maintaining their division lead and finishing the season with a 48-34 record qualifying for the playoffs for the first time since 2008. | [Rudy Gay] Rudy Carlton Gay Jr. (born August 17, 1986) is an American professional basketball player for the San Antonio Spurs of the National Basketball Association (NBA).  The 6'8"" small forward played college basketball for the University of Connecticut before being drafted eighth overall in the 2006 NBA draft by the Houston Rockets; he was traded to the Memphis Grizzlies days later."
item_058,Arnold Peder Møller's son was born on what date?,"1. Find biographical information on Arnold Peder Møller, including details about his son | 2. Identify the birth date of Arnold Peder Møller’s son from the biographical source or family tree information provided for him",13 July 1913,"[Arnold Peder Møller]  His father was Sea Captain Peter Mærsk Møller.  And he became the father of Mærsk Mc-Kinney Møller. | [Mærsk Mc-Kinney Møller] Arnold Mærsk Mc-Kinney Møller (13 July 1913 – 16 April 2012) was a Danish shipping magnate.  He was a longtime figure at A.P. Moller – Maersk Group, which was founded by his father."
item_059,What county is the city that shares a border with the state capital of the state where Andrew Deveaux was born located in?,"1. Find the city where Andrew Deveaux was born | 2. Determine which state that city is in and identify its state capital | 3. Find the county that the city is located in, noting it shares a border with the state capital of that state (the city itself is the state capital)",Richland County,"[Andrew Deveaux] Andrew Deveaux (30 April 1758 – 11 July 1812) was an American Loyalist from South Carolina who is most famous for his recapture of the Bahamas in 1783. | [Charleston, South Carolina] Although the city lost the status of state capital to Columbia in 1786, Charleston became even more prosperous in the plantation-dominated economy of the post-Revolutionary years. The invention of the cotton gin in 1793 revolutionized the processing of this crop, making short-staple cotton profitable. | [WWNQ] WWNQ is a radio station licensed to Forest Acres, South Carolina, serving the Columbia, South Carolina market. Owned by Midlands Media Group LLC, the station broadcasts a country music format branded as 94.3 The Dude. | [Forest Acres, South Carolina] Forest Acres is a city in Richland County, South Carolina, United States. The population was 10,361 at the 2010 census."
item_060,Where was the place of death of Ermenberga's husband?,1. Identify Ermenberga's husband and his full name | 2. Find the place of death of that husband from a reliable biographical source or filmography entry for him or Ermenberga’s husband’s biography,"Ville de Metz, Divodurum, Metz",
item_061,What was the second single-seat racing car designed by the founder of Lotus Cars?,1. Identify the founder of Lotus Cars | 2. Find the second single-seat racing car designed by that founder from a reliable source on Lotus Cars history and design milestones,The Lotus 16,"[Lotus 16] The Lotus 16 was the second single-seat racing car designed by Colin Chapman, and was built by his Lotus Cars manufacturing company for the Team Lotus racing squad.  The Lotus 16 was constructed to compete in both the Formula One and Formula Two categories, and was the first Lotus car to be constructed for Formula One competition. | [Colin Chapman] Anthony Colin Bruce Chapman CBE (19 May 1928 – 16 December 1982) was an influential English design engineer, inventor, and builder in the automotive industry, and founder of Lotus Cars."
item_062,What is the place of birth of the director of film Must Love Dogs?,1. Identify the director of the film 'Must Love Dogs' | 2. Find the director's place of birth from a reliable biographical source or filmography entry for that director,"Brooklyn, New York, Brooklyn",
item_063,Was Melvin Frank a film critic like French film director Olivier Assayas? ,1. Determine Melvin Frank’s profession and whether he was a film critic | 2. Determine Olivier Assayas’s profession and whether he was a film critic | 3. Compare the two professions to assess whether Melvin Frank was a film critic like Olivier Assayas,no,"[Melvin Frank] Melvin Frank (13 August 1913 in Chicago, Illinois – 13 October 1988 in Los Angeles, California) was an American screenwriter, film producer and film director.  He is known for his work on films such as ""Mr. Blandings Builds His Dream House"" (1948), ""The Court Jester"" (1956), and ""A Touch of Class"" (1973). | [Olivier Assayas] Olivier Assayas (born 25 January 1955) is a French film director, screenwriter and film critic."
item_064,In which city were the 1984 Summer Olympics held?,1. Determine the city where the 1984 Summer Olympics were held.,"City of Los Angeles, California, Sister cities of Los Angeles, L A, Loa Angeles, CA, The Angels, California, El Pueblo de Nuestra Senora la Reina de los Angeles de Porciuncula, Los Angeles, United States of America, L a, Los Angles, GEO:USLAX, LOS ANGELES, The City of Los Angeles, Los Angelos, L. A., The city of L A, Los Angeles City, Englaborg, LOC:USLAX, LA, CA, Los Angeles,CA, Brentwood Circle, Los Angeles, CA, Nuestra Senora la Reina de los Angeles de Porciuncula, The city of L. A., City of Los Angeles, Los Angelos, California, Los Angeles, Calif., USLAX, The city of LA, Los angels, El Pueblo de Nuestra Señora La Reina de los Ángeles de Porciúncula, Los angeles, california, El lay, Los Angeles, L.A., El Pueblo de Nuestra Señora la Reina de los Ángeles del Río de Porciúncula, Los angeles ca, El Pueblo de Nuestra Senora Reina de los Angeles de la Porciuncula, El Pueblo de Nuestra Señora la Reina de los Ángeles de Porciúncula, Los Angeles, California, U.S.A., Los Angeles, United States, LA, California, Los Angeles, Ca., Los Angeles, California, USA, Los angeles, L.a., Los angeles, ca, 72 suburbs in search of a city, Religion in Los Angeles, Los Angeles (Calif.), City of L A, El Pueblo de la Reina de Los Angeles, CA, LA Ca, Los Angeles, California, United States, La-la land, The city of L.A., El Pueblo de Nuestra Señora Reina de los Ángeles de la Porciuncula, Los Angeles California, Los Angeles, USA, City of L.A., L . A ., Los Angeles (CA), El Pueblo de Nuestra Señora la Reina de los Angeles del Río de Porciúncula, Nuestra Señora la Reina de los Angeles de Porciúncula, El Pueblo de Nuestra Senora La Reina de los Angeles de Porciuncula, City of los angeles, La-la Land, Los Angeles., Loa Angeles, California, Los Angeles, California, US, Los Angeles, California, Los Angeles, CA., Lost Angeles, California, LA City, Los Ángeles, California, City of LA, El Pueblo de la Reina de Los Angeles, California, L.A, Brentwood Circle, Los Angelas, LA, Los Angeles, California, U.S., City of L. A., Los Angeles, CA, Los angelas, Los Angeles (City), L.a., ca, Las Angeles, Los angeles, calif, Geography of Los Angeles, Environmental issues in Los Angeles, Northern Los Angeles, UN/LOCODE:USLAX",
item_065,When was the company that published National Institutional Ranking Framework founded?,1. Identify the company that published the National Institutional Ranking Framework (NIRF) | 2. Find the founding year of that company from a reliable source on its history or overview page,1985,
item_066,Who was the director of Perfect Understanding?,"1. Find the director of the film ""Perfect Understanding""",Cyril Gardner,
item_067,Where does the city where Veoh's headquarters is located rank in the top five largest urban areas of the state where The Paramour Sessions' performers were formed?,1. Find the city where Veoh's headquarters is located | 2. Identify the state where The Paramour Sessions' performers were formed | 3. Determine the city's rank among the top five largest urban areas in that state (by population) from a reliable source on the state's largest cities by population ranking list for that year (2010),third-largest,"[...To Be Loved] ""...To Be Loved"" is the first single from the band Papa Roach's fourth album, ""The Paramour Sessions"", and eighth released single in total. The song is a slight return to the band early work, starting with a rapping introduction, but as the introduction goes the rapping then goes into fast screaming making it different from the usual rapping of the band's early releases. | [Papa Roach] Papa Roach is an American rock band from Vacaville, California, formed in 1993. The original lineup consisted of lead vocalist Jacoby Shaddix, guitarist Jerry Horton, drummer Dave Buckner, bassist Will James, and trombonist Ben Luther. | [Veoh] Veoh is an Internet television company based in San Diego, California. It allows users to find and watch major studio content, independent productions and user-generated material. | [San Diego] The city had a population of 1,307,402 according to the 2010 census, distributed over a land area of 372.1 square miles (963.7 km2). The urban area of San Diego extends beyond the administrative city limits and had a total population of 2,956,746, making it the third-largest urban area in the state, after that of the Los Angeles metropolitan area and San Francisco metropolitan area. They, along with the Riverside–San Bernardino, form those metropolitan areas in California larger than the San Diego metropolitan area, with a total population of 3,095,313 at the 2010 census."
item_068,when did messi last score in world cup,1. Determine the most recent date Messi scored in the World Cup,26 June 2018,"[List of international goals scored by Lionel Messi] Liberti , Buenos Aires , Argentina Venezuela 3 -- 0 3 -- 0 33 82 14 June 2013 Estadio Mateo Flores , Guatemala City , Guatemala Guatemala 1 -- 0 4 -- 0 Friendly 34 3 -- 0 35 4 -- 0 36 83 10 September 2013 Estadio Defensores del Chaco , Asunción , Paraguay Paraguay 1 -- 0 5 -- 2 2014 FIFA World Cup qualification 37 4 -- 1 38 86 7 June 2014 Estadio Ciudad de La Plata , La Plata , Argentina Slovenia 2 -- 0 2 -- 0 Friendly 39 87 15 June 2014 Maracanã Stadium , Rio de Janeiro , Brazil Bosnia and Herzegovina 2 -- 0 2 -- 1 2014 FIFA World Cup 40 88 21 June 2014 Estádio Mineirão , Belo Horizonte , Brazil Iran 1 -- 0 1 -- 0 41 89 25 June 2014 Estádio Beira - Rio , Porto Alegre , Brazil Nigeria 1 -- 0 3 -- 2 42 2 -- 1 43 95 14 October 2014 Hong Kong Stadium , So Kon Po , Hong Kong Hong Kong 5 -- 0 7 -- 0 Friendly 44 7 -- 0 45 96 12 November 2014 Upton Park , London , England Croatia 2 -- 1 2 -- 1 46 98 13 June 2015 Estadio La Portada , La Serena , Chile Paraguay 2 -- 0 2 -- 2 2015 Copa América 47 104 4 September 2015 BBVA Compass Stadium , Houston , United States Bolivia 5 -- 0 7 -- 0 Friendly 48 6 -- 0 49 105 8 September 2015 AT&T Stadium , Arlington , United States Mexico 2 -- 2 2 -- 2 50 107 29 March 2016 Estadio Mario Alberto Kempes , Córdoba , Argentina Bolivia 2 -- 0 2 -- 0 2018 FIFA World Cup qualification 51 109 10 June 2016 Soldier Field , Chicago , United States Panama 2 -- 0 5 -- 0 Copa América Centenario 52 3 -- 0 53 4 -- 0 54 111 18 June 2016 Gillette Stadium , Foxborough , United States Venezuela 3 -- 0 4 -- 1 55 112 21 June 2016 NRG Stadium , Houston , United States United States 2 -- 0 4 -- 0 56 114 1 September 2016 Estadio Malvinas Argentinas , Mendoza , Argentina Uruguay 1 -- 0 1 -- 0 2018 FIFA World Cup qualification 57 116 15 November 2016 Estadio San Juan del Bicentenario , San Juan , Argentina Colombia 1 -- 0 3 -- 0 58 117 23 March 2017 Estadio Antonio V. Liberti , Buenos Aires , Argentina Chile 1 -- 0 1 -- 0 59 121 10 October 2017 Estadio Olímpico Atahualpa , Quito , Ecuador Ecuador 1 -- 1 3 -- 1 60 2 -- 1 61 3 -- 1 62 124 29 May 2018 La Bombonera , Buenos Aires , Argentina Haiti 1 -- 0 4 -- 0 Friendly 63 2 -- 0 64 3 -- 0 65 127 26 June 2018 Krestovsky Stadium , Saint Petersburg , Russia Nigeria 1 -- 0 2 -- 1 2018 FIFA World Cup"
item_069,Who was the first Best Actor Oscar winner to win in consecutive years?,1. Identify the first Best Actor Oscar winner to win in consecutive years,"Spencer tracy, Spencer Bonaventure Tracy, Spencer Tracy",
item_070,when a company pays to sponsor a program on a non commercial station is called,1. Determine the term for when a company pays to sponsor a program on a non-commercial station,infomercial,"[Infomercial] An infomercial is a form of television commercial , which generally includes a toll - free telephone number or website . Most often used as a form of direct response television ( DRTV ) , long - form infomercials are typically 28 : 30 or 58 : 30 minutes in length ."
item_071,What is the place of birth of J.J. Madan's father?,1. Identify J.J. Madan’s father from a reliable biographical source | 2. Find the place of birth of that father from a reliable biographical source for him or J.J. Madan’s biography,"Bombay, Mumbai",
item_072,who is the most winning nfl coach of all time,1. Determine the NFL coach with the most wins in history,Guy Chamberlin,[List of National Football League head coaches with 50 wins] Green Bay Packers 57 39 59 43 0 . 578 81 Chamberlin Guy Chamberlin * * 1922 -- 1923 Canton Bulldogs 21 0 58 16 7 . 759 1924 Clevelands B !
item_073,What job/title do Mark Hunter and Jeffrey Walker have in common?,1. Find Mark Hunter’s primary job/title from a reliable biographical source | 2. Find Jeffrey Walker’s primary job/title from a reliable biographical source | 3. Identify the common job/title between the two individuals from their respective roles or titles list,vocalist,"[Mark Hunter (musician)] Mark Hunter (born May 26, 1977) is an American musician and photographer and is the vocalist for the heavy metal band Chimaira. | [Jeffrey Walker] Jeffrey Walker (born 25 March 1969) is a bass guitarist, vocalist from Windle, St Helens, UK.  He is best known for his work with death metal band Carcass for which he is also the main lyricist."
item_074,"which movie is the co-writer of Dino Contostavlos of the song ""Best Behaviour"" known for?","1. Identify the co-writer of the song 'Best Behaviour' who is Dino Contostavlos | 2. Find the film that this co-writer is known for, as stated in the question context or filmography sources for Dino Contostavlos",Demons Never Die,"[Best Behaviour (N-Dubz song)] ""Best Behaviour"" is a song by British hip hop group N-Dubz.  The song was produced by Dino Contostavlos and Richard Rawson and co-written by Tula Contostavlos, Mr Hudson, Tony Dixon, Fazer and Dappy.  It was released on 17 October 2010 as the second single from N-Dubz's third studio album, ""Love.Live.Life"". | [Tulisa] Tula Paulina ""Tulisa"" Contostavlos (born 13 July 1988) is an English singer-songwriter, former X Factor judge, actress, and television personality.  Tulisa is known for her role in ""Demons Never Die"", for her debut single as a solo artist titled ""Young"", and for being a part of N-Dubz."
item_075,"Which film came out earlier, Escape To Danger or Two Can Play?",1. Find the release year of the film 'Escape to Danger' | 2. Find the release year of the film 'Two Can Play' (also known as 'Two Can Play That Game') to compare which came out earlier,Two Can Play,
item_076,Who is the author of Disclosure?,"1. Find the author of the book ""Disclosure""","Michael Crichton, John Michael Crichton, Michael Douglas, Jeffery Hudson, John Lange",
item_077,when were the texas rangers baseball team established,1. Determine the establishment year of the Texas Rangers baseball team,"Washington, D.C.","[Texas Rangers (baseball)] The franchise was established in 1961 as the Washington Senators , an expansion team awarded to Washington , D.C. , after the city 's first AL ballclub , the second Washington Senators , moved to Minnesota and became the Twins ( the original Washington Senators played primarily in the National League during the 1890s ) ."
item_078,"Which film was released more recently, The Schimeck Family or A Matter Of Earnestness?",1. Find the release year of 'The Schimeck Family' | 2. Find the release year of 'A Matter of Earnestness' | 3. Compare the two release years to determine which film was released more recently,"A Matter Of Earnestness, A Matter of Earnestness, Matter of Earnestness",
item_079,"Anchored by the star Polaris, the constellation ursa minor represents what animal?","1. Determine the animal represented by the constellation Ursa Minor, which is anchored by the star Polaris","Bear (disambiguation), Bears (disambiguation), Bear (film), The bears, bear, The Bears, The Bear, The Bear (film), The Bear (brand)",
item_080,meaning of the song wanted dead or alive,"1. Determine the meaning of the song ""Wanted Dead or Alive""",the band's anthem,"[Wanted Dead or Alive (Bon Jovi song)] During a February 20 , 2008 encore performance in Detroit , Jon Bon Jovi told the crowd about running into Bob Seger at a Pistons game . As he introduced his song `` Wanted Dead or Alive '' , he said it was inspired by Seger 's `` Turn the Page '' hit and called the song the band 's anthem . The song peaked at # 7 on the Billboard Hot 100 chart and # 13 on the Mainstream Rock Tracks chart , making it the third single from the album to reach the Top 10 of the Hot 100 ."
item_081,ancient harp like musical instrument in the zither family,1. Identify an ancient harp-like musical instrument belonging to the zither family,Alpine zithers,"[Zither] Alpine zithers are tuned in a similar manner to the concert zither , with the accompaniment and bass strings each providing a full set of 12 chromatic pitches also arranged in a cycle of fifths . Contrabass strings are arranged in a descending chromatic scale ."
item_082,What radio station do you find at 98.9 on your local FM dial?,1. Determine which radio station is broadcast on 98.9 FM in the local area.,"Click 98.9, KWJZ",
item_083,when does the regular season of nfl football start,1. Determine the start date of the regular season of NFL football,"September 7, 2017","[2017 NFL season] The 2017 NFL season is the 98th and current season in the history of the National Football League ( NFL ) . The season began on September 7 , 2017 , with the Kansas City Chiefs defeating the defending Super Bowl LI champion New England Patriots 42 -- 27 in the NFL Kickoff Game . The season will conclude with Super Bowl LII , the league 's championship game , on February 4 , 2018 , at U.S."
item_084,who sings the theme song to rules of engagement,1. Find the artist who sings the theme song to *Rules of Engagement*,Señor Happy,[Rules of Engagement (TV series)] Rules of Engagement Created by Tom Hertz Starring David Spade Patrick Warburton Megyn Price Oliver Hudson Bianca Kajlich Adhir Kalyan Opening theme `` How Many Ways '' by Señor Happy Composer ( s ) Bert Selen George Ritter Country of origin United States No. of seasons 7 No.
item_085,when did the korean conflict become a war,1. Determine the date when the Korean conflict escalated into a full-scale war,25 June 1950,"[Korean War] The Korean War ( in South Korean Hangul : 한국 전쟁 ; Hanja : 韓國 戰爭 ; RR : Hanguk Jeonjaeng , `` Korean War '' ; in North Korean Chosŏn'gŭl : 조국 해방 전쟁 ; Hancha : 祖國 解放 戰爭 ; MR : Choguk haebang chǒnjaeng , `` Fatherland : Liberation War '' ; 25 June 1950 -- 27 July 1953 ) was a war between North Korea ( with the support of China and the Soviet Union ) and South Korea ( with the principal support of the United States ) . The war began on 25 June 1950 when North Korea invaded South Korea following a series of clashes along the border . The United Nations , with the United States as the principal force , came to the aid of South Korea ."
item_086,when does the new overlord episode come out,"1. Determine the release date of the new ""Overlord"" episode","August 28, 2018","[List of Overlord episodes] Foresight is teleported to the 6th Floor Arena , where they are introduced as invaders and will be facing Ainz himself . 8 34 `` A Handful of Hope '' `` Hitonigiri no Kibō '' ( 一 握り の 希望 ) August 28 , 2018"
item_087,Which radio broadcaster was known as the Man In Black,1. Identify the radio broadcaster known as the Man In Black,Valentine Dyall,
item_088,Which former outfielder born in 1975 hosted Game 1 of the 2014 National League Championship Series?,1. Find the host of Game 1 of the 2014 National League Championship Series | 2. Determine the host’s birth year and confirm he is a former outfielder born in 1975 to match the description,Gabe Kapler,"[2014 National League Championship Series]  The series was the 45th in league history with Fox airing Game 1 and Fox Sports 1 airing Games 2–5 in the United States.  Game 1 was simulcast on Fox Sports 1 and was hosted by Kevin Burkhardt, Gabe Kapler and C.J. Nitkowski, who offered sabermetric analysis of the game. | [Gabe Kapler] Gabriel Stefan ""Gabe"" Kapler (born July 31, 1975) is a former Major League Baseball outfielder."
item_089,when did the us break away from england,1. Determine the date the United States broke away from England,"September 3, 1783","[American Revolution] A combined American -- French force captured a second British army at Yorktown in the fall of 1781 , effectively ending the war in North America . The Treaty of Paris , signed September 3 , 1783 , formally ended the conflict , confirming the new nation 's complete separation from the British Empire . The United States took possession of nearly all the territory east of the Mississippi River and south of the Great Lakes , with the British retaining control of Canada and Spain taking Florida ."
item_090,who played maggie horton on days of our lives,"1. Find the actor who portrayed Maggie Horton on the TV show ""Days of Our Lives""",Suzanne Rogers (born Suzanne Cecelia Crumpler,"[Suzanne Rogers] Suzanne Rogers ( born Suzanne Cecelia Crumpler ; July 9 , 1943 ) is an American actress with film and television credits . Her stage name was inspired by Ginger Rogers , whom she cites as a personal inspiration for joining the entertainment industry ."
item_091,Who is the author of The Story of the Daughters of Quchan?,"1. Find the author of ""The Story of the Daughters of Quchan""",Afsaneh Najmabadi,
item_092,who sang with meatloaf on bat out of hell,"1. Identify the musicians who performed with Meatloaf on the album ""Bat Out of Hell""",Todd Rundgren,"[Bat Out of Hell] Meat Loaf -- lead vocals , backing vocals ( 6 ) , percussion ( 2 ) Todd Rundgren -- guitar ( 1 , 2 , 4 -- 6 ) , percussion ( 1 , 2 ) , keyboards ( 1 ) , backing vocals ( 1 -- 3 , 5 , 6 ) Kasim Sulton -- bass guitar ( 1 , 2 , 4 -- 7 ) , backing vocals ( 1 ) Roy Bittan -- piano , keyboards ( 1 - 2 , 6 ) Steve Margoshes -- piano ( 7 ) Cheryl Hardwick -- piano ( 7 ) Jim Steinman -- keyboards ( 1 , 2 , 6 ) , percussion ( 1 , 2 ) , `` lascivious effects '' ( 6 ) Roger Powell -- synthesizer ( 1 , 2 , 5 , 6 ) Edgar Winter -- saxophone ( 2 , 4 , 6 ) Max Weinberg -- drums ( 1 , 2 , 6 ) John `` Willie '' Wilcox -- drums ( 4 , 5 , 7 ) Phil `` Scooter '' Rizzuto -- play - by - play ( 6 ) Ellen Foley -- featured vocal ( 6 ) , backing vocals ( 1 , 2 , 4 , 6 ) Rory Dodd -- backing vocals ( all except 4 ) Gene Orloff -- concert master ( 7 ) Members of New York Philharmonic and Philadelphia Orchestra -- orchestra ( 7 )"
item_093,Did Edmund Berkeley market both Geniac and Commodore International ?,"1. Find Edmund Berkeley’s professional roles and companies he was associated with, including whether he marketed Geniac | 2. Find whether Commodore International is a company that Edmund Berkeley marketed for or is associated with in his professional roles | 3. Determine if Edmund Berkeley marketed both Geniac and Commodore International based on the identified associations and roles",no,"[Geniac] Geniac was an educational toy billed as a ""computer"" designed and marketed by Edmund Berkeley, with Oliver Garfield from 1955 to 1958, but with Garfield continuing without Berkeley through the 1960s.  The name stood for ""Genius Almost-automatic Computer"" but suggests a combination of the words genius and ENIAC (the first fully electronic general-purpose computer). | [Commodore International] Commodore International (or Commodore International Limited) was a North American home computer and electronics manufacturer.  Commodore International (CI), along with its subsidiary Commodore Business Machines (CBM), participated in the development of the home–personal computer industry in the 1970s and 1980s.  The company developed and marketed the world's best-selling desktop computer, the Commodore 64 (1982), and released its Amiga computer line in July 1985."
item_094,How were the same people who the Somali Muslim Ajuran Empire declared independence from expelled from the natural boundary between Thailand and the country Setthathirath is a citizen of?,"1. Identify the country Setthathirath is a citizen of | 2. Determine the natural boundary between Thailand and that country | 3. Find how the same people who the Somali Muslim Ajuran Empire declared independence from were expelled from that natural boundary region (the Malay Peninsula) in the 13th century, including the method of expulsion used by the Ayutthaya Kingdom against the Malay Sultanate of Malacca in the 14th century to draw a parallel to the Ajuran Empire’s independence declaration context.",The dynasty regrouped and defeated the Portuguese,"[Vat Yotkeo] Vat Yotkeo was a temple in Laos which was built between during the rule of King Sai Setthathirat. It was destroyed in 1828 by the Thais, who burned and pillaged Vientiane following the defeat of the last king of the Vientiane dynasty of Lan Xang, Chao Anouvong. | [Geography of Myanmar] Myanmar (also known as Burma) is the northwestern-most country of mainland Southeast Asia, bordering China, India, Bangladesh, Thailand and Laos. It lies along the Indian and Eurasian Plates, to the southeast of the Himalayas. | [Ottoman Empire] The discovery of new maritime trade routes by Western European states allowed them to avoid the Ottoman trade monopoly. The Portuguese discovery of the Cape of Good Hope in 1488 initiated a series of Ottoman-Portuguese naval wars in the Indian Ocean throughout the 16th century. The Somali Muslim Ajuran Empire, allied with the Ottomans, defied the Portuguese economic monopoly in the Indian Ocean by employing a new coinage which followed the Ottoman pattern, thus proclaiming an attitude of economic independence in regard to the Portuguese. | [Myanmar] The dynasty regrouped and defeated the Portuguese in 1613 and Siam in 1614. It restored a smaller, more manageable kingdom, encompassing Lower Myanmar, Upper Myanmar, Shan states, Lan Na and upper Tenasserim."
item_095,What is the date of birth of Margravine Louise Charlotte Of Brandenburg's mother?,"1. Identify Margravine Louise Charlotte of Brandenburg’s mother | 2. Find the mother’s date of birth from a reliable biographical source on Margravine Louise Charlotte of Brandenburg’s mother (e.g., a biographical dictionary or encyclopedia entry)",19 November 1597,
item_096,who played the ladybug in a bug's life,"1. Find the actor who portrayed the ladybug in the movie ""A Bug's Life""",Denis Leary,"[A Bug's Life] Joe Ranft as Heimlich , a plump , German - accented caterpillar that longs to be a butterfly . Denis Leary as Francis , a short - tempered ladybug that is constantly mistaken for a female . Jonathan Harris as Manny , a praying mantis and magician in P.T."
item_097,what are the names of florida georgia line,1. Find the names of the members of the Florida Georgia Line,Tyler Hubbard,"[Florida Georgia Line] Florida Georgia Line ( sometimes abbreviated as FGL ) is an American country music duo consisting of vocalists Tyler Hubbard and Brian Kelley . Their 2012 debut single `` Cruise '' , which remains their most popular song , broke two major sales records : it was downloaded over seven million times , making it the first country song ever to receive the Diamond certification , and it became the best - selling digital country song of all time , with 24 weeks at number one , until it was surpassed in July 2017 by Sam Hunt 's `` Body Like a Back Road '' ."
item_098,Where was the place of death of Joseph Ferdinand Of Bavaria's father?,"1. Identify Joseph Ferdinand of Bavaria’s father | 2. Find the place of death of that father from a reliable biographical source on Joseph Ferdinand of Bavaria’s father (e.g., a biographical entry or encyclopedic source)","Muenchen, München, Munchen, Monachium, Minga, Munich",
item_099,In what country is Vaiea?,1. Determine the country where Vaiea is located,"Niue, Niuē, nu, 🇳🇺",
item_100,Who is the left-handed bowler that joined Kent County Cricket Club in 2011?,1. Search for the left-handed bowler who joined Kent County Cricket Club in 2011 | 2. Verify the player’s left-handed bowling status and club joining year to confirm the correct individual’s identity and nationality if needed for the answer context.,Wahab Riaz,"[Kent County Cricket Club in 2011]  The club captain was former England batsman Rob Key who had been club captain since 2006.  Pakistan fast bowler Wahab Riaz joined Kent as their overseas player in June, and another fast bowler, South African Charl Langeveldt, signed as Kent's second overseas player for the Friends Life t20 competition only. | [Wahab Riaz] Wahab Riaz (Punjabi, Urdu: ‎ ; born 28 June 1985) is a Pakistani cricketer.  He is a left-arm fast bowler and a right-hand batsman.  He frequently bowls at speeds of around 90 mph and has reached 96 mph ."
item_101,what was another name for the white mans burden,"1. Identify an alternative name for the ""White Man's Burden""",The United States and the Philippine Islands,"[The White Man's Burden] `` The White Man 's Burden : The United States and the Philippine Islands '' is a 1899 poem by Rudyard Kipling about the Philippine -- American War ( 1899 -- 1902 ) , which invites the U.S. to assume colonial control of that country ."
item_102,The MV Kooringa was built by a company formed by a group of businessmen in what year?,1. Find the shipyard that built the MV Kooringa | 2. Determine the year the shipyard company was formed by a group of businessmen from that shipyard's history or profile page,1875,"[MV Kooringa] MV Kooringa was the world's first fully cellular purpose-built container ship and was built by Australian company, Associated Steamships Pty. Ltd. in partnership with McIlwraith, McEacharn & Co and commissioned in May 1964.  It was built at the New South Wales State Dockyard at Dykes Point, Newcastle as a ""custom-designed cellular container ship to handle 20-ton containers"". | [Adelaide Steamship Company] The Adelaide Steamship Company was formed by a group of South Australian businessmen in 1875.  Their aim was to control the transport of goods between Adelaide and Melbourne and profit from the need for an efficient and comfortable passenger service."
item_103,"The German priest, who wanted Jean Hengen's religious denomination to reform, preached a sermon on Marian devotion a month before his death in what German state?",1. Identify the German priest who preached a sermon on Marian devotion a month before his death and who wanted Jean Hengen's religious denomination to reform | 2. Find the German state where this priest preached the sermon a month before his death in 1945–1946 | 3. Confirm the priest’s identity and the sermon’s location to ensure accuracy of the German state context and the priest’s role in reforming Jean Hengen’s denomination (the Society of Jesus) in that state during the 1940s–1950s context of Vatican II preparation and reform efforts in Germany.,Saxony-Anhalt,"[Jean Hengen] Jean Hengen (23 November 1912 – 29 January 2005) was a Luxembourgian prelate of the Roman Catholic Church. He served as Bishop of Luxembourg from 13 February 1971 until 21 December 1990, whereupon Luxembourg was created an Archbishopric, and thereafter he served as Archbishop of Luxembourg. | [Reformation] Although there had been significant earlier attempts to reform the Catholic Church before Luther -- such as those of Jan Hus, Peter Waldo, and John Wycliffe -- Martin Luther is widely acknowledged to have started the Reformation with the Ninety - five Theses. Luther began by criticising the sale of indulgences, insisting that the Pope had no authority over purgatory and that the Catholic doctrine of the merits of the saints had no foundation in the Bible. | [Mary, mother of Jesus] He considered the Roman Catholic practice of celebrating saints' days and making intercessory requests addressed especially to Mary and other departed saints to be idolatry. His final thoughts on Marian devotion and veneration are preserved in a sermon preached at Wittenberg only a month before his death: | [Wittenberg (district)] Wittenberg is a district () in the east of Saxony-Anhalt, Germany. Neighboring districts are (from west clockwise) Anhalt-Bitterfeld, the district-free city of Dessau-Roßlau, the districts of Potsdam-Mittelmark, Teltow-Fläming and Elbe-Elster in Brandenburg, and the district of Nordsachsen in the Free State of Saxony."
item_104,What is the manufacturer of the Kentucky Tavern headquarters location saints symbol called?,1. Locate the headquarters location of the Kentucky Tavern and identify the symbol associated with it (the saints symbol) | 2. Find the manufacturer of that symbol (the saints symbol) to determine its manufacturer name and country of origin or manufacturer location details associated with it.,fleur - de-lis,"[Kentucky Tavern] Kentucky Tavern is a brand of straight bourbon whiskey produced by the Sazerac Company at the Barton Distillery located in Bardstown, Kentucky, who acquired the brand from United Distillers in 1995. The brand was originally produced and owned by the R. | [Sazerac] The Sazerac is a local New Orleans variation of a cognac or whiskey cocktail, named for the ""Sazerac de Forge et Fils"" brand of cognac brandy that served as its original main ingredient. The drink is most traditionally a combination of | [Fleur-de-lis] The fleur - de-lis is used by a number of sports teams, especially when it echoes a local flag. This is true with the former Quebec Nordiques National Hockey League team and the former Montreal Expos Major League Baseball team, the Serie A team Fiorentina, the Bundesliga side SV Darmstadt 98 (also known as Die Lilien -- The Lilies), the Major League Soccer team the Montreal Impact, the sports teams of New Orleans, Louisiana in the NFL, NBA and the Pacific Coast League, the Rugby League team Wakefield Trinity Wildcats and the NPSL team Detroit City FC."
item_105,in which hemisphere is the 30degree line of latitude located,1. Determine the hemisphere in which the 30-degree line of latitude is located,Northern Hemisphere,"[30th parallel north] It is the approximate southern border of the horse latitudes in the Northern Hemisphere , meaning that much of the land area touching the 30th parallel is arid or semi-arid . If there is a source of wind from a body of water the area would more likely be subtropical ."
item_106,Who won the French Open first Adriano Panatta or Kristie Boogert?,1. Find the years Adriano Panatta won the French Open | 2. Find the years Kristie Boogert won the French Open | 3. Determine which of the two won the French Open first by comparing their earliest titles and the years they were won,Adriano Panatta,"[Adriano Panatta] Adriano Panatta (born 9 July 1950) is a former professional tennis player from Italy.  He is best remembered for winning the French Open in 1976, and for being the only player to ever defeat Björn Borg at Roland Garros, which he did on two occasions. | [Kristie Boogert] She has not won any singles titles, but did win three titles in doubles.  At the 1994 French Open championships she won the mixed doubles title with countryman Menno Oosting."
item_107,Which English football team play their home games at Vicarage Road?,1. Determine which English football team plays their home games at Vicarage Road,"Watford Colosseum, Watford, England, Watford, United Kingdom, Watford, Hertfordshire, Watford, Borough of Watford, WATFORD, Municipal Borough of Watford, Watford Official Website",
item_108,"Which film has the director who was born first, Reaching For The Sun or Trifling Women?",1. Identify the directors of the films 'Reaching For The Sun' and 'Trifling Women' | 2. Find the birth dates of those directors | 3. Determine which director was born first | 4. Identify the film associated with that director to determine which film has the director who was born first,Trifling Women,
item_109,where are the dopamine receptors located in the brain,1. Locate the regions of the brain where dopamine receptors are found,reward pathway,"[Dopamine receptor] Dopamine is the primary neurotransmitter involved in the reward pathway in the brain . Thus , drugs that increase dopamine signaling may produce euphoric effects ."
item_110,"Which film has the director who was born later, Je Suis Né D'Une Cigogne or The Legend Of Bagger Vance?",1. Identify the directors of the films 'Je Suis Né D'Une Cigogne' and 'The Legend of Bagger Vance' | 2. Determine the birth dates of those directors | 3. Compare the birth dates to find which director was born later | 4. Identify the film associated with the later-born director to determine which film has the director who was born later,"Je suis né d'une cigogne, Je Suis Né D'Une Cigogne",
item_111,Who was the composer of Gimmie Dat?,"1. Identify the composer of the song ""Gimmie Dat""",Soundz,
item_112,"Which film has the director died first, Where The West Begins (1919 Film) or A Lady'S Morals?",1. Find the director of the 1919 film 'Where the West Begins' | 2. Find the director of the film 'A Lady's Morals' | 3. Look up the death dates of both directors to determine which one died first,"A Lady'S Morals, Lady's Morals, A Lady's Morals",
item_113,What UMTS-based mobile phone networks and Broadband internet Providers does Vidiator produce?,"1. Search for information on Vidiator’s product offerings, specifically mentioning UMTS-based mobile phone networks and broadband internet providers it produces | 2. From the identified providers, determine which are UMTS-based mobile phone networks and which are broadband internet providers | 3. List the UMTS-based mobile phone networks and broadband internet providers produced by Vidiator from the identified list of providers and services offered by Vidiator to the market in the UK and Ireland.",the Hutchison 3,"[Vidiator] Vidiator was a fully owned subsidiary of Hutchison Whampoa, founded by Connie Wong in 2002 to provide 3G video products to the Hutchison 3 group.  The company's last president and CEO was Tae Sung Park who joined in 2009. | [Hutchison 3G] Three is a brand name under which several UMTS-based mobile phone networks and Broadband Internet Providers operate in Australia, Austria, Denmark, Hong Kong, Macau, Indonesia, Ireland, Italy, Sweden, and the United Kingdom.  The company was founded in 2002."
item_114,Where was the place of death of Morris Engel's wife?,1. Identify Morris Engel’s wife and her full name | 2. Find the place of death of that person from a reliable biographical source or obituary for her,"the five boroughs, City of New York, New York, NY City, New York City, NYC, Big Apple, New York, New York",
item_115,What do Acorn Archimedes and Sharp MZ have in common?,"1. Find what Acorn Archimedes is (a computer system) | 2. Find what Sharp MZ is (a computer system) | 3. Determine the common category or type shared by both systems (e.g., both are computer systems)",computers,"[Acorn Archimedes] The Acorn Archimedes is a family of personal computers designed by Acorn Computers Ltd in Cambridge, England and sold in the late-1980s to mid-1990s, their first general purpose home computer based on their own ARM architecture (then the CPU and architecture was known as Acorn RISC Machine, or ARM, that later became one of the most widely used CPU architectures in the world, e.g. used in most smartphones).  The first Archimedes was launched in 1987. | [Sharp MZ] The Sharp MZ is a series of personal computers sold in Japan and Europe (particularly Germany and Great Britain) by Sharp beginning in 1978."
item_116,"Which television network aired this TV series, that received critical and popular acclaim, frequently being listed as one of the greatest TV shows of all time, in which Ashley Gable starred?","1. Identify the TV series that Ashley Gable starred in and received critical and popular acclaim, frequently listed as one of the greatest TV shows of all time | 2. Find the television network that aired that TV series during its run (1999–2005)",WB Television Network,"[Ashley Gable] Ashley Gable is an American screenwriter and producer who has worked on a variety of well-known television series including ""Buffy the Vampire Slayer"" and ""Person of Interest"".  She was an executive producer on the CBS crime drama ""The Mentalist"" for its first four seasons. | [Buffy the Vampire Slayer] The series received critical and popular acclaim, frequently being listed as one of the greatest TV shows of all time, and usually reached between four and six million viewers on original airings.  Although such ratings are lower than successful shows on the ""big four"" networks (ABC, CBS, NBC, and Fox), they were a success for the relatively new and smaller WB Television Network."
item_117,"Known as The Mother of Presidents or The Heart of It All, what state was the 17th state to join the union on March 1, 1803?","1. Determine the state known as The Mother of Presidents or The Heart of It All that became the 17th state on March 1, 1803","State of Ohio, Oiho, Heart of it all, Buckeye (nickname), Seventeenth State, OH (state), The Buckeye State, Transportation in Ohio, 17th State, Ohoi, Transport in Ohio, Climate of Ohio, Ohioian, Mother of Modern Presidents, Buckeye State, Ohio (U.S. state), Ohaio, Ohioan, Ohio (state), Religion in Ohio, US-OH, Ohio, Ohio (U.S. State), State of ohio, Ohio, United States, Ohio, USA, Demographics of Ohio, Ohio (State), The Heart Of It All, Education in Ohio, Geography of Ohio",
item_118,"On a standard dartboard, which number lies between 12 and 20?",1. Determine which number on a standard dartboard is positioned between 12 and 20.,"five, 5",
item_119,how is Hymenocallis and Sinojackia connected?,"1. Search for information on Hymenocallis to determine its classification and related genera | 2. Search for information on Sinojackia to determine its classification and related genera | 3. Identify the shared genus between Hymenocallis and Sinojackia to establish their connection (e.g., both are in the genus Hymenocallis)",plants,"[Hymenocallis] Hymenocallis (US) or (UK) is a genus of American plants in the amaryllis family. | [Sinojackia] Sinojackia is a genus of five to eight species of flowering plants in the family Styracaceae, all endemic to China."
item_120,Who wrote the book that the game Lego Harry Potter: Years 1-4 is based off of?,"1. Identify the book that the game 'Lego Harry Potter: Years 1–4' is based on | 2. Find the author of that book from a reliable source (e.g., the book’s page or a trusted encyclopedia)",J. K. Rowling,"[Lego Harry Potter: Years 1–4] Lego Harry Potter: Years 1–4 is a Lego-themed action-adventure video game developed by Traveller's Tales and published by Warner Bros.  The game is based on the Lego Harry Potter line and its storyline covers the first four films in the ""Harry Potter"" series: ""Harry Potter and the Sorcerer's Stone"", ""Harry Potter and the Chamber of Secrets"", ""Harry Potter and the Prisoner of Azkaban"", and ""Harry Potter and the Goblet of Fire"".  The game is available on the Wii, Xbox 360, PlayStation 3, Nintendo DS, PlayStation Portable, Microsoft Windows, OS X, iOS and Android. | [Harry Potter and the Goblet of Fire (film)]  Pictures.  It is based on the novel of the same name by J. K. Rowling.  The film, which is the fourth instalment in the ""Harry Potter"" film series, was written by Steve Kloves and produced by David Heyman."
item_121,What genre is The Perfect Man?,"1. Determine the genre of the movie ""The Perfect Man""","romantic comedy, romedy, romcom",
item_122,Which country Abbhantripaja's father is from?,1. Identify Abbhantripaja’s father from a reliable biographical source | 2. Find the country of origin/nationality of Abbhantripaja’s father from a reliable biographical source of the father’s life and background information.,"THA, Kingdom of Thailand, Yothathep, Siam, Thailand, 🇹🇭, th, Land of Smiles",
item_123,Who is the maternal grandfather of Hedda Von Fersen?,1. Find Hedda Von Fersen’s maternal grandfather by identifying her mother and then her mother’s father | 2. Retrieve the name of Hedda Von Fersen’s mother | 3. Retrieve the name of Hedda Von Fersen’s maternal grandfather from a reliable biographical source on Hedda Von Fersen or her mother’s biography,Magnus Julius De la Gardie,
item_124,who plays elizabeth's dad in when calls the heart,"1. Find the actor who portrays Elizabeth's dad in ""When Calls the Heart""",Erin Krakow,[When Calls the Heart] Erin Krakow as Elizabeth Thatcher Thornton
item_125,"Which magazine has wider scope of focus, In Touch Weekly or Moment?",1. Determine the scope of focus of In Touch Weekly as described in its publication profile | 2. Determine the scope of focus of Moment as described in its publication profile | 3. Compare the two scopes to identify which magazine has a wider focus of coverage or subject matter breadth,In Touch Weekly,"[In Touch Weekly] In Touch Weekly is an American celebrity gossip magazine.  The magazine is focused on celebrity news, fashion, beauty, relationships and lifestyle, and is geared towards a younger readership, billing itself as ""fast and fun"", along with making claims about their lower cover price on their front cover to encourage buyers to purchase their magazine rather than the other titles on a supermarket checkout rack. | [Moment (magazine)] Moment is an independent magazine for a Jewish-American audience and is not tied to any movement or ideology.  The award-winning publication features investigative stories, cultural criticism and highlights the thoughts and opinions of diverse groups of scholars, writers and policymakers.  ""Moment"" was founded in 1975, by Nobel Prize laureate Elie Wiesel and Jewish activist Leonard Fein, who served as the magazine's first editor from 1975 to 1987."
item_126,who has the tallest man in the world,1. Determine who holds the record for the tallest man in the world,Turkey,"[List of tallest people] His death certificate described him as being 8 ft 3 in ( 2.51 m ) tall and still growing . 1881 -- 1904 ( 23 ) Turkey 251 cm 8 ft 2.8 in Sultan Kösen The tallest living person since September 17 , 2009 , as determined by Guinness World Records . He has 36.5 - cm - long ( 1 ft 2 in ) feet -- the second - largest feet on a living person and 27.5 cm ( 11.2 in ) hands -- the longest on a living person ."
item_127,who plays as charlie in charlie's angels,1. Find the actor who portrays Charlie in Charlie's Angels,John Forsythe,[Charlie's Angels (film)] John Forsythe as Charles `` Charlie '' Townsend ( Voice )
item_128,"Which building was existed first, 53W53 or 56 Leonard Street?","1. Find the construction/completion year of 53W53 | 2. Find the construction/completion year of 56 Leonard Street | 3. Compare the two years to determine which building existed first (i.e., was completed earlier)",56 Leonard Street,"[53W53] 53W53, also known as the MoMA Expansion Tower and 53 West 53rd Street, and formerly known as Tower Verre is a supertall skyscraper currently under construction by the real estate companies Hines, Pontiac Land Group and Goldman Sachs, located in Midtown Manhattan, New York City adjacent to The Museum of Modern Art.  The building had been in development since 2006, and construction began in late 2014. | [56 Leonard Street] 56 Leonard Street is an 821 ft tall, 57-story skyscraper on Leonard Street in Tribeca, New York City, United States.  Herzog & de Meuron describes the building as ""houses stacked in the sky."""
item_129,"Who is the president of the newly declared independent country, that established the Timor Leste Commission of Truth and Friendship, with the country containing the airport that includes Lion Air?",1. Identify the newly declared independent country that established the Timor Leste Commission of Truth and Friendship | 2. Find the president of that country | 3. Confirm that the country contains an airport served by Lion Air to ensure correct identification of the country and its president,Francisco Guterres,"[Lion Air] BULLET::::- On 4 March 2006, Lion Air Flight 8987, a McDonnell Douglas MD-82, crashed after landing at Juanda International Airport. Reverse thrust was used during landing, although the left thrust reverser was stated to be out of service. | [Cathay Pacific Flight 780] Cathay Pacific Flight 780 was a flight from Surabaya Juanda International Airport in Indonesia to Hong Kong International Airport on 13 April 2010. There were 309 passengers and a crew of 13 on board. | [Indonesia–Timor Leste Commission of Truth and Friendship] The Indonesia–Timor Leste Commission on Truth and Friendship was a truth commission established jointly by the governments of Indonesia and East Timor in August 2005. The commission was officially created to investigate acts of violence that occurred around the independence referendum held in East Timor in 1999 and sought to find the ""conclusive truth"" behind the events. | [East Timor] Democratic Republic of Timor - Leste Repúblika Demokrátika Timór Lorosa'e (Tetum) República Democrática de Timor - Leste (Portuguese) Flag Coat of arms Motto: Unidade, Acção, Progresso (Portuguese) Unidade, Asaun, Progresu (Tetum) (English: ``Unity, Action, Progress '') Anthem: Pátria (Portuguese) (English:`` Fatherland'') Capital and largest city Dili 8 ° 20 ′ S 125 ° 20 ′ E ﻿ / ﻿ 8.34 ° S 125.34 ° E ﻿ / - 8.34; 125.34 Coordinates: 8 ° 20 ′ S 125 ° 20 ′ E ﻿ / ﻿ 8.34 ° S 125.34 ° E ﻿ / - 8.34; 125.34 Official languages Tetum Portuguese National languages 15 languages (show) Atauru Baikeno Bekais Bunak Fataluku Galoli Habun Idalaka Kawaimina Kemak Makalero Makasae Makuva Mambai Tokodede Religion (2010) 96.9% Roman Catholic 3.1% other religions Demonym East Timorese Timorese Maubere (informal) Government Unitary semi-presidential constitutional republic President Francisco Guterres Prime Minister Mari Alkatiri Legislature National Parliament Formation Portuguese Timor 16th century Independence declared 28 November 1975 Annexation by Indonesia 17 July 1976 Administered by UNTAET 25 October 1999 Independence restored 20 May 2002 Area Total 15,410 km (5,950 sq mi) (154th) Water (%) negligible Population 2015 census 1,167,242 Density 78 / km (202.0 / sq mi) GDP (PPP) 2017 estimate Total $4.567 billion Per capita $5,479 (148th) GDP (nominal) 2014 estimate Total $2.498 billion Per capita $3,330 HDI (2015) 0.605 medium 133rd Currency United States Dollar (USD) Time zone (UTC + 9) Drives on the left Calling code + 670 ISO 3166 code TL Internet TLD. tl Website timor-leste.gov.tl Fifteen further ``national languages ''are recognised by the Constitution."
item_130,iss pyaar ko kya naam du 2 actress name,"1. Find the two actresses who played the lead roles in the movie ""ISS Pyaar Ko Kya Naam Du""",Shrenu Parikh,"[Shrenu Parikh] Shrenu Parikh is an Indian television actress , and is best known for character of Aastha Shlok Agnihotri in `` Iss Pyaar Ko Kya Naam Doon ? ..."
item_131,What were the Genesis's advantages over the platform of Xexys?,"1. Search for information on the Genesis console’s advantages over the Xexys platform, focusing on technical specifications and performance metrics | 2. Extract the specific advantages mentioned in reliable sources comparing the two platforms, such as faster CPU speed and better graphics capabilities of the Genesis over the Xexys (X68000) platform",built on 16-bit architectures and offered improved graphics and sound,"[Xexyz] Xexyz (pronounced zeks'-zees/zeks'-iz), known in Japan as , is a 1988 video game published by Hudson Soft for the Nintendo Entertainment System. The game was released in Japan on August 26, 1988, and saw a North American release sometime in April, 1990. | [Nintendo Entertainment System] The Nintendo Entertainment System (also abbreviated as NES) is an 8-bit home video game console that was developed and manufactured by Nintendo. It was initially released in Japan as the Family Computer (Japanese: ファミリーコンピュータ, Hepburn: Famirī Konpyūta?) (also known by the portmanteau abbreviation Famicom (ファミコン, Famikon?) and abbreviated as FC) on July 15, 1983, and was later released in North America during 1985, in Europe during 1986, and Australia in 1987. | [Super Nintendo Entertainment System] The two platforms were later launched in North America in 1989 as the TurboGrafx-16 and the Genesis respectively. Both systems were built on 16-bit architectures and offered improved graphics and sound over the 8-bit NES. However, it took several years for Sega's system to become successful."
item_132,who does the director of homeland security report to,1. Determine who the Director of Homeland Security reports to,President of the United States,"[United States Secretary of Homeland Security] United States Secretary of Homeland Security Seal of the Department of Homeland Security Flag of the Secretary of Homeland Security Incumbent Kirstjen Nielsen since December 6 , 2017 United States Department of Homeland Security Style Madam Secretary Member of Cabinet Homeland Security Council Reports to President of the United States Seat Washington , D.C. Appointer The President with Senate advice and consent Term length No fixed term Constituting instrument 6 U.S.C."
item_133,Who is the paternal grandfather of Bruno Ii Von Berg?,1. Find Bruno II von Berg’s family tree to identify his paternal grandfather | 2. Retrieve the name of Bruno II von Berg’s paternal grandfather from a reliable biographical source on Bruno II von Berg,Adolf II of Berg,
item_134,Who was the producer of Marc?,"1. Determine the producer of the product named ""Marc""",Muriel Young,
item_135,"The four radioactive series titled Thorium, Neptunium, Radium/Uranium and Actinium all decay eventually to stable isotopes of what element?","1. Determine the stable element that is the end product of decay for all four radioactive series: Thorium, Neptunium, Radium/Uranium, and Actinium.","Atomic number 82, Lead ore, Lead(metal), LEad, Lead, Element 82, Plumbous, Plumbum, Lead (element), Pb2+, Ledd, Plumbic, Leaded, Lead (metal), Lead's main use",
item_136,How long are city council terms in the city located in the county that also contains Allen?,1. Identify the city that is located in the county that also contains Allen | 2. Find the length of city council terms in that city from a reliable source on local government structure and elections for that city and county jurisdiction.,four-year,"[Allen, Arizona] Allen, also known as Allen City is a ghost town in Pima County in southern Arizona. It was founded fifty miles southeast of Ajo, c. | [Pima County Natural Resources, Parks and Recreation] Pima County Natural Resources, Parks and Recreation is the agency within Pima County, Arizona that manages the natural resources, parks, and recreation offerings within Pima County including Tucson, AZ. | [Tucson, Arizona] Both the council members and the mayor serve four-year terms; none face term limits. Council members are nominated by their wards via a ward-level primary held in September."
item_137,Who is the president of the newly declared independent country that is part of the Commission of Truth and Friendship with the country that Tony Gunawan is from?,1. Identify the country Tony Gunawan is from | 2. Find the newly declared independent country that is part of the Commission of Truth and Friendship with that country | 3. Determine the president of that newly declared independent country from a reliable source on its government and leadership at the time of the commission's formation or the country's declaration of independence in 2003–2004,Francisco Guterres,"[Tony Gunawan] Tony Gunawan (; born 9 April 1975) is a Chinese descended, Indonesian-born badminton player and coach who excelled internationally for Indonesia and later for the United States. | [Indonesia–Timor Leste Commission of Truth and Friendship] The Indonesia–Timor Leste Commission on Truth and Friendship was a truth commission established jointly by the governments of Indonesia and East Timor in August 2005. The commission was officially created to investigate acts of violence that occurred around the independence referendum held in East Timor in 1999 and sought to find the ""conclusive truth"" behind the events. | [East Timor] Democratic Republic of Timor - Leste Repúblika Demokrátika Timór Lorosa'e (Tetum) República Democrática de Timor - Leste (Portuguese) Flag Coat of arms Motto: Unidade, Acção, Progresso (Portuguese) Unidade, Asaun, Progresu (Tetum) (English: ``Unity, Action, Progress '') Anthem: Pátria (Portuguese) (English:`` Fatherland'') Capital and largest city Dili 8 ° 20 ′ S 125 ° 20 ′ E ﻿ / ﻿ 8.34 ° S 125.34 ° E ﻿ / - 8.34; 125.34 Coordinates: 8 ° 20 ′ S 125 ° 20 ′ E ﻿ / ﻿ 8.34 ° S 125.34 ° E ﻿ / - 8.34; 125.34 Official languages Tetum Portuguese National languages 15 languages (show) Atauru Baikeno Bekais Bunak Fataluku Galoli Habun Idalaka Kawaimina Kemak Makalero Makasae Makuva Mambai Tokodede Religion (2010) 96.9% Roman Catholic 3.1% other religions Demonym East Timorese Timorese Maubere (informal) Government Unitary semi-presidential constitutional republic President Francisco Guterres Prime Minister Mari Alkatiri Legislature National Parliament Formation Portuguese Timor 16th century Independence declared 28 November 1975 Annexation by Indonesia 17 July 1976 Administered by UNTAET 25 October 1999 Independence restored 20 May 2002 Area Total 15,410 km (5,950 sq mi) (154th) Water (%) negligible Population 2015 census 1,167,242 Density 78 / km (202.0 / sq mi) GDP (PPP) 2017 estimate Total $4.567 billion Per capita $5,479 (148th) GDP (nominal) 2014 estimate Total $2.498 billion Per capita $3,330 HDI (2015) 0.605 medium 133rd Currency United States Dollar (USD) Time zone (UTC + 9) Drives on the left Calling code + 670 ISO 3166 code TL Internet TLD. tl Website timor-leste.gov.tl Fifteen further ``national languages ''are recognised by the Constitution."
item_138,In which season of coaching was the longer serving of the two coaches of the 2016 Auburn Tigers football team and 2016 Oklahoma Sooners football team ?  ,"1. Identify the two coaches of the 2016 Auburn Tigers football team and the 2016 Oklahoma Sooners football team | 2. Determine which of the two coaches is the longer-serving one | 3. Find the season of coaching for that longer-serving coach to determine the season referenced in the question context (e.g., the season of coaching for the 2016 Auburn Tigers)",18th season,"[2016 Auburn Tigers football team]  The Tigers played their home games at Jordan–Hare Stadium in Auburn, Alabama and competed in the Western Division of the Southeastern Conference (SEC).  They were led by fourth-year head coach Gus Malzahn.  They finished the season 8–5, 5–3 in SEC play to finish in a tie for second place in the Western Division. | [2016 Oklahoma Sooners football team] The 2016 Oklahoma Sooners football team represented the University of Oklahoma in the 2016 NCAA Division I FBS football season, the 122nd season of Sooner football.  The team was led by two-time Walter Camp Coach of the Year Award winner, Bob Stoops, in his 18th season as head coach.  They played their home games at Gaylord Family Oklahoma Memorial Stadium in Norman, Oklahoma."
item_139,"Whose comedy film, that Adam Shankman's 2007 remake is based off of, was it?",1. Search for information on Adam Shankman’s 2007 film 'Big Nothing' to determine which comedy film it is a remake of | 2. Identify the original comedy film’s creator or author to determine whose work it is based on and thus whose comedy film it is a remake of.,John Waters,"[Adam Shankman]  He was a judge on seasons 3-10 of the television program ""So You Think You Can Dance"" He began his professional career in musical theater, and was a dancer in music videos for Paula Abdul and Janet Jackson.  Shankman has choreographed dozens of films and has also directed several feature-length box office hits, including ""A Walk to Remember"", ""Bringing Down the House"", ""The Pacifier"" and the 2007 remake of ""Hairspray"". | [Hairspray (2007 film)] Hairspray is a 2007 musical romantic comedy film based on the 2002 Broadway musical of the same name, which in turn was based on John Waters's 1988 comedy film of the same name.  The film is a British-American venture produced by Ingenious Media and Zadan/Meron Productions."
item_140,"The American pop singer, who is best known for her work in the late 1970s with Neil Young, has worked with which record producer?",1. Identify the American pop singer best known for her work in the late 1970s with Neil Young | 2. Find the record producers she has worked with from a reliable biography or discography source | 3. Determine which of those producers is the correct one associated with that singer’s work with Neil Young in the late 1970s and provide the producer’s name as the answer,Val Garay,"[Val Garay] Val Garay (born May 9, 1942 in San Francisco, California) is a record producer and engineer who has worked with Kim Carnes, The Motels, Mr. Big, Bonnie Raitt, Eric Burdon, Dolly Parton, Pablo Cruise, James Taylor, Queensrÿche, Neil Diamond, Dramarama, EZO, Ringo Starr, Linda Ronstadt, Sarah Brightman, Nicolette Larson, Kenny Rogers, Santana, Reel Big Fish, Joan Armatrading, Katrina, plus many others. | [Nicolette Larson] Nicolette Larson (July 17, 1952 – December 16, 1997) was an American pop singer.  She is perhaps best known for her work in the late 1970s with Neil Young and her 1978 hit single of Neil Young's ""Lotta Love"" which hit No. 1 on the Hot Adult Contemporary Tracks chart and No. 8 on the Pop Singles chart.  It was followed by four more adult contemporary hits, two of which were also minor pop hits."
item_141,how many kentucky players have won an nba championship,1. Determine the number of Kentucky players who have won an NBA championship,13,[Kentucky Wildcats men's basketball] 13 players winning NBA Championships a total of 20 times 12 players named NBA All - Star a total of 23 times 12 Olympic Gold Medal winners 10 Naismith Hall - of - Fame members 5 players named National Player - of - the - Year 2 players named National Freshman - of - the - Year 6 head coaches named National Coach - of - the Year a total of 14 times 7 head coaches named SEC Coach - of - the - Year a total of 22 times 138 players named All - Conference a total of 231 times 82 players named to the All - Conference Tournament Team a total of 118 times 12 players named Conference Player - of - the - Year a total of 14 times 7 players named Conference Freshman - of - the - Year 31 players named to the All - Conference Freshman Team 15 players named Conference Tournament MVP a total of 16 times 18 players named All - NCAA Final Four a total of 21 times 51 players named All - NCAA Regional a total of 65 times 5 players named NCAA Final Four Most Outstanding Player a total of 6 times 12 players named NCAA Regional Most Outstanding Player a total of 13 times 74 players who played in the NBA at least one season 60 1000 - point scorers 52 players named McDonald 's All - American 6 times being ranked No. 1 in the season opening AP Poll 6 times being ranked No.
item_142,What did Nathanael West do that Jacques Prévert did not?,"1. List the occupations of Nathanael West from a reliable biographical source | 2. List the occupations of Jacques Prévert from a reliable biographical source | 3. Identify the occupation that Nathanael West had that Jacques Prévert did not, based on the two lists of occupations provided in the sources for each person.","American author, screenwriter and satirist","[Nathanael West] Nathanael West (born Nathan Weinstein; October 17, 1903 – December 22, 1940) was an American author, screenwriter and satirist. | [Jacques Prévert] Jacques Prévert (] ; 4 February 190011 April 1977) was a French poet and screenwriter.  His poems became and remain popular in the French-speaking world, particularly in schools."
item_143,According to figures released by the ONS what was the most popular name for baby boys in 2012?,1. Retrieve the most popular baby boy name in 2012 as reported by the ONS.,"Harry (disambiguation), HARRY, Harry",
item_144,What relationship does Stevie Mann have to an Irish singer-songwriter born in 1973?,"1. Identify the Irish singer-songwriter born in 1973 | 2. Determine Stevie Mann’s relationship to that person from a reliable biographical source on Stevie Mann’s family and collaborators (e.g., his father)",second cousin,"[Stevie Mann] Stephen Patrick Mann (born 20 February 1976 in Belfast, Northern Ireland) is an Irish singer-songwriter and Music Producer, who is known for being the lead singer of rock band Nine Lies.  He is second cousin of singer songwriter Damien Rice. | [Damien Rice] Damien Rice (born 7 December 1973) is an Irish singer-songwriter, musician and record producer.  Rice began his musical career as a member of the 1990s rock group Juniper, which were signed to Polygram Records in 1997."
item_145,Who is Infanta Maria Francisca Of Braganza's paternal grandfather?,"1. Find the parentage of Infanta Maria Francisca of Braganza, including her father | 2. Identify the paternal grandfather of that father to determine Infanta Maria Francisca’s paternal grandfather’s name and country of origin if relevant to the question’s context of nationality or origin of the grandfather’s family line.",Peter III of Portugal,
item_146,When did the Governorship end of the city where the author of Sacerdotii Nostri Primordia died?,"1. Identify the author of 'Sacerdotii Nostri Primordia' and the city where he died | 2. Find the end date of the governorship of that city from a reliable source on the city's governance history (e.g., a city profile or historical overview)",1952,"[Sacerdotii nostri primordia] Sacerdotii nostri primordia (""From the beginning of our priesthood"") was the second encyclical of Pope John XXIII, issued 1 August 1959. It commemorated the 100th anniversary of the death of St. | [Canonization of Pope John XXIII and Pope John Paul II] Pope John XXIII (25 November 1881 – 3 June 1963) and Pope John Paul II (18 May 1920 – 2 April 2005) reigned as popes of the Roman Catholic Church and the sovereigns of Vatican City (respectively from 1958 to 1963 and 1978 to 2005). Their canonizations were held on 27 April 2014. | [Governor of Vatican City] The post of Governor of Vatican City (Governatore dello Stato della Città del Vaticano in Italian) was held by Marchese Camillo Serafini from the foundation of the state in 1929 until his death in 1952. No successor was appointed, and the post itself was not mentioned in the Fundamental Law of Vatican City State issued by Pope John Paul II on 26 November 2000, which entered into force on 22 February 2001."
item_147,In what region of the country where Lam Dong is located is the city where Zone 5 Military Museum is found?,"1. Locate the city where the Zone 5 Military Museum is found | 2. Determine the region of Vietnam where that city is located, specifically noting that Lam Dong is in the Central Highlands region of Vietnam | 3. Identify the region of the country where Lam Dong is located (Central Highlands) and confirm it matches the city's region to answer the question about the museum's location's region of the country.",South Central Coast,"[Lâm Đồng Province] Lâm Đồng () is a province located in the Central Highlands () region of Vietnam. Its capital is Da Lat. | [Zone 5 Military Museum, Danang] The Zone 5 Military Museum (Bao Tang Khu 5) is a military museum located at 3 Duy Tân, Da Nang, Vietnam. It covers all Vietnamese resistance to foreign occupation from the Chinese occupation, the First Indochina War with the French, the Vietnam War and the current standoff with China over the Spratly Islands and the Paracel Islands. | [South Central Coast] South Central Coast (Vietnamese: Duyên hải Nam Trung Bộ) is one of the regions of Vietnam. It consists of the independent municipality of Đà Nẵng and seven other provinces."
item_148,In which county is the city sharing a border with the capitol of the state where Johnson Hagood died?,1. Determine the state where Johnson Hagood died | 2. Identify the capitol of that state and the city that shares a border with it | 3. Find the county in which that bordering city is located (the city's county) to answer the question about the county of the bordering city to the capitol of Johnson Hagood’s state.,Richland County,"[John Doby Kennedy] John Doby Kennedy (January 5, 1840 – April 14, 1896) was a general in the Confederate States Army during the American Civil War, as well as a post-war planter, attorney, politician, and the 57th Lieutenant Governor of South Carolina serving under Governor Johnson Hagood. | [Charleston, South Carolina] Although the city lost the status of state capital to Columbia in 1786, Charleston became even more prosperous in the plantation-dominated economy of the post-Revolutionary years. The invention of the cotton gin in 1793 revolutionized the processing of this crop, making short-staple cotton profitable. | [WWNQ] WWNQ is a radio station licensed to Forest Acres, South Carolina, serving the Columbia, South Carolina market. Owned by Midlands Media Group LLC, the station broadcasts a country music format branded as 94.3 The Dude. | [Forest Acres, South Carolina] Forest Acres is a city in Richland County, South Carolina, United States. The population was 10,361 at the 2010 census."
item_149,"Out of Central Nebraska Regional Airport and Chippewa County International Airport, which one is more west in the USA?","1. Find the geographic coordinates (latitude and longitude) of Central Nebraska Regional Airport | 2. Find the geographic coordinates of Chippewa County International Airport | 3. Compare the coordinates to determine which airport is more west in the United States (i.e., has a lower longitude value)",Central Nebraska Regional Airport,"[Central Nebraska Regional Airport] Central Nebraska Regional Airport (IATA: GRI, ICAO: KGRI, FAA LID: GRI) is three miles northeast of Grand Island, in Hall County, Nebraska.  It is owned by the Hall County Airport Authority. | [Chippewa County International Airport] Chippewa County International Airport (IATA: CIU, ICAO: KCIU, FAA LID: CIU) is a public use airport in Chippewa County, Michigan, United States.  It is located 15 nautical miles (17 mi, 28 km) south of the central business district of Sault Ste. Marie, Michigan."
item_150,Who was the artist that created the character which Sumalee Montano voiced in X-Men?,1. Identify the character voiced by Sumalee Montano in the X-Men franchise | 2. Find the artist who created that character in the X-Men comics series (the character’s creator),David Cockrum,"[Sumalee Montano]  She has acted in ""ER"", ""Minority Report"", ""The West Wing"", ""Boston Legal"", ""Bones"", ""Nip/Tuck"", ""Hancock"", and ""Commander in Chief"".  As a voice actor, she provided the voices of Mystique in """", Yerema in ""Dead Island"", Cali in """", Arcee in """" and Mera in .  She currently resides in Los Angeles where she continues to work on her career. | [Mystique (comics)] Mystique (Raven Darkhölme) is a fictional character appearing in American comic books published by Marvel Comics, commonly in association with the X-Men.  Created by artist David Cockrum and writer Chris Claremont, she first appeared in the comic book ""Ms. Marvel"" #16, published in 1978."
